window_id,vehicle,kind,event_id,offset_h,label,tier,conf,oob,oil_elev_c
ev1_o6,metropt3,positive,1.0,6.0,air_leak_indication,rule,0.9,,-0.58
ev1_o12,metropt3,positive,1.0,12.0,air_leak_indication,rule,0.9,,-1.84
ev1_o24,metropt3,positive,1.0,24.0,monitor_deviation,score,0.35,,
ev1_o48,metropt3,positive,1.0,48.0,healthy,score,0.85,,
ev1_o72,metropt3,positive,1.0,72.0,healthy,score,0.85,,
ev2_o6,metropt3,positive,2.0,6.0,healthy,score,0.85,,
ev2_o12,metropt3,positive,2.0,12.0,healthy,score,0.85,,
ev2_o24,metropt3,positive,2.0,24.0,healthy,score,0.85,,
ev2_o48,metropt3,positive,2.0,48.0,oil_thermal_anomaly,rule,0.9,,-5.4
ev2_o72,metropt3,positive,2.0,72.0,monitor_deviation,score,0.35,,
ev3_o6,metropt3,positive,3.0,6.0,air_leak_indication,rule,0.9,,-0.72
ev3_o12,metropt3,positive,3.0,12.0,air_leak_indication,rule,0.9,,-0.72
ev3_o24,metropt3,positive,3.0,24.0,air_leak_indication,rule,0.9,,-0.72
ev3_o48,metropt3,positive,3.0,48.0,monitor_deviation,score,0.35,,
ev3_o72,metropt3,positive,3.0,72.0,healthy,score,0.85,,
ev4_o48,metropt3,positive,4.0,48.0,monitor_deviation,score,0.35,,
ctl_ev1_o6_0,metropt3,control,,,healthy,score,0.85,,
ctl_ev1_o6_1,metropt3,control,,,healthy,score,0.85,,
ctl_ev1_o12_0,metropt3,control,,,healthy,score,0.85,,
ctl_ev1_o12_1,metropt3,control,,,healthy,score,0.85,,
ctl_ev1_o24_0,metropt3,control,,,healthy,score,0.85,,
ctl_ev1_o24_1,metropt3,control,,,healthy,score,0.85,,
ctl_ev1_o48_0,metropt3,control,,,healthy,score,0.85,,
ctl_ev1_o48_1,metropt3,control,,,healthy,score,0.85,,
ctl_ev1_o72_0,metropt3,control,,,healthy,score,0.85,,
ctl_ev1_o72_1,metropt3,control,,,monitor_deviation,score,0.35,,
ctl_ev2_o6_0,metropt3,control,,,healthy,score,0.85,,
ctl_ev2_o6_1,metropt3,control,,,monitor_deviation,score,0.35,,
ctl_ev2_o12_0,metropt3,control,,,monitor_deviation,score,0.35,,
ctl_ev2_o12_1,metropt3,control,,,healthy,score,0.85,,
ctl_ev2_o24_0,metropt3,control,,,healthy,score,0.85,,
ctl_ev2_o24_1,metropt3,control,,,healthy,score,0.85,,
ctl_ev2_o48_0,metropt3,control,,,monitor_deviation,score,0.35,,
ctl_ev2_o48_1,metropt3,control,,,oil_thermal_anomaly,rule,0.9,,-7.62
ctl_ev2_o72_0,metropt3,control,,,healthy,score,0.85,,
ctl_ev2_o72_1,metropt3,control,,,monitor_deviation,score,0.35,,
ctl_ev3_o6_0,metropt3,control,,,healthy,score,0.85,,
ctl_ev3_o6_1,metropt3,control,,,healthy,score,0.85,,
ctl_ev3_o12_0,metropt3,control,,,healthy,score,0.85,,
ctl_ev3_o12_1,metropt3,control,,,monitor_deviation,score,0.35,,
ctl_ev3_o24_0,metropt3,control,,,healthy,score,0.85,,
ctl_ev3_o24_1,metropt3,control,,,healthy,score,0.85,,
ctl_ev3_o48_0,metropt3,control,,,healthy,score,0.85,,
ctl_ev3_o48_1,metropt3,control,,,healthy,score,0.85,,
ctl_ev3_o72_0,metropt3,control,,,healthy,score,0.85,,
ctl_ev3_o72_1,metropt3,control,,,healthy,score,0.85,,
ctl_ev4_o48_0,metropt3,control,,,healthy,score,0.85,,
ctl_ev4_o48_1,metropt3,control,,,monitor_deviation,score,0.35,,
ev1_o6,metropt2022,positive,1.0,6.0,healthy,score,0.85,,
ev1_o12,metropt2022,positive,1.0,12.0,monitor_deviation,score,0.35,,
ev1_o24,metropt2022,positive,1.0,24.0,healthy,score,0.85,,
ev1_o48,metropt2022,positive,1.0,48.0,healthy,score,0.85,,
ev1_o72,metropt2022,positive,1.0,72.0,monitor_deviation,score,0.35,,
ev2_o6,metropt2022,positive,2.0,6.0,monitor_deviation,score,0.35,,
ev2_o12,metropt2022,positive,2.0,12.0,monitor_deviation,score,0.35,,
ev2_o24,metropt2022,positive,2.0,24.0,healthy,score,0.85,,
ev2_o48,metropt2022,positive,2.0,48.0,healthy,score,0.85,,
ev2_o72,metropt2022,positive,2.0,72.0,monitor_deviation,score,0.35,,
ev3_o6,metropt2022,positive,3.0,6.0,healthy,score,0.85,,
ev3_o12,metropt2022,positive,3.0,12.0,healthy,score,0.85,,
ev3_o24,metropt2022,positive,3.0,24.0,healthy,score,0.85,,
ev3_o48,metropt2022,positive,3.0,48.0,healthy,score,0.85,,
ev3_o72,metropt2022,positive,3.0,72.0,monitor_deviation,score,0.35,,
ctl_ev1_o6_0,metropt2022,control,,,healthy,score,0.85,,
ctl_ev1_o6_1,metropt2022,control,,,healthy,score,0.85,,
ctl_ev1_o12_0,metropt2022,control,,,healthy,score,0.85,,
ctl_ev1_o12_1,metropt2022,control,,,healthy,score,0.85,,
ctl_ev1_o24_0,metropt2022,control,,,healthy,score,0.85,,
ctl_ev1_o24_1,metropt2022,control,,,healthy,score,0.85,,
ctl_ev1_o48_0,metropt2022,control,,,healthy,score,0.85,,
ctl_ev1_o48_1,metropt2022,control,,,healthy,score,0.85,,
ctl_ev1_o72_0,metropt2022,control,,,healthy,score,0.85,,
ctl_ev1_o72_1,metropt2022,control,,,healthy,score,0.85,,
ctl_ev2_o6_0,metropt2022,control,,,healthy,score,0.85,,
ctl_ev2_o6_1,metropt2022,control,,,monitor_deviation,score,0.35,,
ctl_ev2_o12_0,metropt2022,control,,,healthy,score,0.85,,
ctl_ev2_o12_1,metropt2022,control,,,healthy,score,0.85,,
ctl_ev2_o24_0,metropt2022,control,,,healthy,score,0.85,,
ctl_ev2_o24_1,metropt2022,control,,,healthy,score,0.85,,
ctl_ev2_o48_0,metropt2022,control,,,healthy,score,0.85,,
ctl_ev2_o48_1,metropt2022,control,,,healthy,score,0.85,,
ctl_ev2_o72_0,metropt2022,control,,,monitor_deviation,score,0.35,,
ctl_ev2_o72_1,metropt2022,control,,,healthy,score,0.85,,
ctl_ev3_o48_0,metropt2022,control,,,healthy,score,0.85,,
ctl_ev3_o48_1,metropt2022,control,,,healthy,score,0.85,,
ctl_ev3_o72_0,metropt2022,control,,,healthy,score,0.85,,
ctl_ev3_o72_1,metropt2022,control,,,healthy,score,0.85,,
ev1_o48,metropt2022B,positive,1.0,48.0,healthy,score,0.85,,
ev1_o72,metropt2022B,positive,1.0,72.0,healthy,score,0.85,,
ev2_o12,metropt2022B,positive,2.0,12.0,oil_degradation_indication,rule,0.9,,8.6
ev2_o24,metropt2022B,positive,2.0,24.0,oil_degradation_indication,rule,0.9,,6.82
ev2_o48,metropt2022B,positive,2.0,48.0,monitor_deviation,score,0.5,,4.55
ev2_o72,metropt2022B,positive,2.0,72.0,monitor_deviation,score,0.35,,
ctl_ev1_o48_0,metropt2022B,control,,,healthy,score,0.85,,
ctl_ev1_o48_1,metropt2022B,control,,,monitor_deviation,score,0.35,,
ctl_ev1_o72_0,metropt2022B,control,,,monitor_deviation,score,0.35,,
ctl_ev1_o72_1,metropt2022B,control,,,monitor_deviation,score,0.35,,
ctl_ev2_o12_0,metropt2022B,control,,,healthy,score,0.85,,
ctl_ev2_o12_1,metropt2022B,control,,,monitor_deviation,score,0.35,,
ctl_ev2_o24_0,metropt2022B,control,,,monitor_deviation,score,0.35,,
ctl_ev2_o24_1,metropt2022B,control,,,healthy,score,0.85,,
ctl_ev2_o48_0,metropt2022B,control,,,healthy,score,0.85,,
ctl_ev2_o48_1,metropt2022B,control,,,healthy,score,0.85,,
ctl_ev2_o72_0,metropt2022B,control,,,healthy,score,0.85,,
ctl_ev2_o72_1,metropt2022B,control,,,healthy,score,0.85,,
