vehicle,split,t,n_cal,n_test,alpha_hat,realized,k_over_n,covered
metropt3,chrono A->B,2.0,24,24,0.84,1.0,24/24,False
metropt3,chrono A->B,4.0,24,24,0.04,0.1667,4/24,False
metropt3,chrono A->B,6.0,24,24,0.04,0.0,0/24,True
metropt3,chrono B->A,2.0,24,24,0.76,0.9583,23/24,False
metropt3,chrono B->A,4.0,24,24,0.04,0.75,18/24,False
metropt3,chrono B->A,6.0,24,24,0.04,0.5833,14/24,False
metropt3,month even->odd,2.0,30,18,0.8387,0.8889,16/18,False
metropt3,month even->odd,4.0,30,18,0.0645,0.2222,4/18,False
metropt3,month even->odd,6.0,30,18,0.0323,0.0,0/18,True
metropt3,month odd->even,2.0,18,30,0.8421,0.9,27/30,False
metropt3,month odd->even,4.0,18,30,0.0526,0.2,6/30,False
metropt3,month odd->even,6.0,18,30,0.0526,0.0,0/30,True
metropt2022,chrono A->B,2.0,19,20,0.95,0.95,19/20,True
metropt2022,chrono A->B,4.0,19,20,0.05,0.7,14/20,False
metropt2022,chrono A->B,6.0,19,20,0.05,0.5,10/20,False
metropt2022,chrono B->A,2.0,20,19,1.0,0.8947,17/19,True
metropt2022,chrono B->A,4.0,20,19,0.0476,0.0526,1/19,False
metropt2022,chrono B->A,6.0,20,19,0.0476,0.0,0/19,True
metropt2022,month even->odd,2.0,18,21,0.9474,1.0,21/21,False
metropt2022,month even->odd,4.0,18,21,0.0526,0.381,8/21,False
metropt2022,month even->odd,6.0,18,21,0.0526,0.0952,2/21,False
metropt2022,month odd->even,2.0,21,18,0.8636,0.8889,16/18,False
metropt2022,month odd->even,4.0,21,18,0.0455,0.0556,1/18,False
metropt2022,month odd->even,6.0,21,18,0.0455,0.0,0/18,True
metropt2022B,chrono A->B,2.0,9,9,1.0,0.7778,7/9,True
metropt2022B,chrono A->B,4.0,9,9,0.1,0.4444,4/9,False
metropt2022B,chrono A->B,6.0,9,9,0.1,0.4444,4/9,False
metropt2022B,chrono B->A,2.0,9,9,0.8,0.4444,4/9,True
metropt2022B,chrono B->A,4.0,9,9,0.1,0.1111,1/9,False
metropt2022B,chrono B->A,6.0,9,9,0.1,0.0,0/9,True
metropt2022B,month even->odd,2.0,6,12,1.0,1.0,12/12,True
metropt2022B,month even->odd,4.0,6,12,0.1429,0.6667,8/12,False
metropt2022B,month even->odd,6.0,6,12,0.1429,0.5,6/12,False
metropt2022B,month odd->even,2.0,12,6,0.6923,0.5,3/6,True
metropt2022B,month odd->even,4.0,12,6,0.0769,0.1667,1/6,False
metropt2022B,month odd->even,6.0,12,6,0.0769,0.0,0/6,True
