vehicle,window_id,t_end,offset_h,stratum
metropt3,ev1_o6,2020-04-18 17:59:00,6.0,signature
metropt3,ev1_o12,2020-04-18 11:59:00,12.0,signature
metropt3,ev1_o24,2020-04-17 23:59:00,24.0,presymptomatic
metropt3,ev1_o48,2020-04-16 23:59:00,48.0,presymptomatic
metropt3,ev1_o72,2020-04-15 23:59:00,72.0,presymptomatic
metropt3,ev2_o6,2020-05-30 00:00:00,6.0,presymptomatic
metropt3,ev2_o12,2020-05-29 18:00:00,12.0,presymptomatic
metropt3,ev2_o24,2020-05-29 06:00:00,24.0,presymptomatic
metropt3,ev2_o48,2020-05-28 06:00:00,48.0,signature
metropt3,ev2_o72,2020-05-27 06:00:00,72.0,presymptomatic
metropt3,ev3_o6,2020-06-07 08:30:00,6.0,signature
metropt3,ev3_o12,2020-06-07 02:30:00,12.0,signature
metropt3,ev3_o24,2020-06-06 14:30:00,24.0,signature
metropt3,ev3_o48,2020-06-05 14:30:00,48.0,presymptomatic
metropt3,ev3_o72,2020-06-04 14:30:00,72.0,presymptomatic
metropt3,ev4_o48,2020-07-13 19:00:00,48.0,presymptomatic
metropt2022,ev1_o6,2022-02-28 20:00:00,6.0,presymptomatic
metropt2022,ev1_o12,2022-02-28 14:00:00,12.0,presymptomatic
metropt2022,ev1_o24,2022-02-28 02:00:00,24.0,subthreshold
metropt2022,ev1_o48,2022-02-27 02:00:00,48.0,presymptomatic
metropt2022,ev1_o72,2022-02-26 02:00:00,72.0,subthreshold
metropt2022,ev2_o6,2022-03-23 09:24:00,6.0,presymptomatic
metropt2022,ev2_o12,2022-03-23 03:24:00,12.0,presymptomatic
metropt2022,ev2_o24,2022-03-22 15:24:00,24.0,presymptomatic
metropt2022,ev2_o48,2022-03-21 15:24:00,48.0,presymptomatic
metropt2022,ev2_o72,2022-03-20 15:24:00,72.0,presymptomatic
metropt2022,ev3_o6,2022-06-02 00:18:00,6.0,subthreshold
metropt2022,ev3_o12,2022-06-01 18:18:00,12.0,presymptomatic
metropt2022,ev3_o24,2022-06-01 06:18:00,24.0,presymptomatic
metropt2022,ev3_o48,2022-05-31 06:18:00,48.0,presymptomatic
metropt2022,ev3_o72,2022-05-30 06:18:00,72.0,presymptomatic
metropt2022B,ev1_o48,2022-06-02 14:22:39,48.0,presymptomatic
metropt2022B,ev1_o72,2022-06-01 14:22:39,72.0,presymptomatic
metropt2022B,ev2_o12,2022-07-13 22:22:08,12.0,signature
metropt2022B,ev2_o24,2022-07-13 10:22:08,24.0,signature
metropt2022B,ev2_o48,2022-07-12 10:22:08,48.0,subthreshold
metropt2022B,ev2_o72,2022-07-11 10:22:08,72.0,subthreshold
