system,vehicle,window_id,kind,event_id,offset_h,verdict,numeric,n_bad_numbers,classification,claimed,rule
B1,metropt3,ev1_o6,positive,1.0,6.0,air_leak_indication,1.0,0,1.0,air_leak_indication,1.0
B1,metropt3,ev1_o12,positive,1.0,12.0,air_leak_indication,1.0,0,1.0,air_leak_indication,1.0
B1,metropt3,ev1_o24,positive,1.0,24.0,monitor_deviation,1.0,0,1.0,monitor_deviation,1.0
B1,metropt3,ev1_o48,positive,1.0,48.0,healthy,1.0,0,1.0,healthy,1.0
B1,metropt3,ev1_o72,positive,1.0,72.0,healthy,1.0,0,1.0,healthy,1.0
B1,metropt3,ev2_o6,positive,2.0,6.0,healthy,1.0,0,1.0,healthy,1.0
B1,metropt3,ev2_o12,positive,2.0,12.0,healthy,1.0,0,1.0,healthy,1.0
B1,metropt3,ev2_o24,positive,2.0,24.0,healthy,1.0,0,1.0,healthy,1.0
B1,metropt3,ev2_o48,positive,2.0,48.0,oil_thermal_anomaly,1.0,0,1.0,oil_thermal_anomaly,1.0
B1,metropt3,ev2_o72,positive,2.0,72.0,monitor_deviation,1.0,0,1.0,monitor_deviation,1.0
B1,metropt3,ev3_o6,positive,3.0,6.0,air_leak_indication,1.0,0,1.0,air_leak_indication,1.0
B1,metropt3,ev3_o12,positive,3.0,12.0,air_leak_indication,1.0,0,1.0,air_leak_indication,1.0
B1,metropt3,ev3_o24,positive,3.0,24.0,air_leak_indication,1.0,0,1.0,air_leak_indication,1.0
B1,metropt3,ev3_o48,positive,3.0,48.0,monitor_deviation,1.0,0,1.0,monitor_deviation,1.0
B1,metropt3,ev3_o72,positive,3.0,72.0,healthy,1.0,0,1.0,healthy,1.0
B1,metropt3,ev4_o48,positive,4.0,48.0,monitor_deviation,1.0,0,1.0,monitor_deviation,1.0
B1,metropt3,ctl_ev1_o6_0,control,,,healthy,1.0,0,1.0,healthy,1.0
B1,metropt3,ctl_ev1_o6_1,control,,,healthy,1.0,0,1.0,healthy,1.0
B1,metropt3,ctl_ev1_o12_0,control,,,healthy,1.0,0,1.0,healthy,1.0
B1,metropt3,ctl_ev1_o12_1,control,,,healthy,1.0,0,1.0,healthy,1.0
B1,metropt3,ctl_ev1_o24_0,control,,,healthy,1.0,0,1.0,healthy,1.0
B1,metropt3,ctl_ev1_o24_1,control,,,healthy,1.0,0,1.0,healthy,1.0
B1,metropt3,ctl_ev1_o48_0,control,,,healthy,1.0,0,1.0,healthy,1.0
B1,metropt3,ctl_ev1_o48_1,control,,,healthy,1.0,0,1.0,healthy,1.0
B1,metropt3,ctl_ev1_o72_0,control,,,healthy,1.0,0,1.0,healthy,1.0
B1,metropt3,ctl_ev1_o72_1,control,,,monitor_deviation,1.0,0,1.0,monitor_deviation,1.0
B1,metropt3,ctl_ev2_o6_0,control,,,healthy,1.0,0,1.0,healthy,1.0
B1,metropt3,ctl_ev2_o6_1,control,,,monitor_deviation,1.0,0,1.0,monitor_deviation,1.0
B1,metropt3,ctl_ev2_o12_0,control,,,monitor_deviation,1.0,0,1.0,monitor_deviation,1.0
B1,metropt3,ctl_ev2_o12_1,control,,,healthy,1.0,0,1.0,healthy,1.0
B1,metropt3,ctl_ev2_o24_0,control,,,healthy,1.0,0,1.0,healthy,1.0
B1,metropt3,ctl_ev2_o24_1,control,,,healthy,1.0,0,1.0,healthy,1.0
B1,metropt3,ctl_ev2_o48_0,control,,,monitor_deviation,1.0,0,1.0,monitor_deviation,1.0
B1,metropt3,ctl_ev2_o48_1,control,,,oil_thermal_anomaly,1.0,0,1.0,oil_thermal_anomaly,1.0
B1,metropt3,ctl_ev2_o72_0,control,,,healthy,1.0,0,1.0,healthy,1.0
B1,metropt3,ctl_ev2_o72_1,control,,,monitor_deviation,1.0,0,1.0,monitor_deviation,1.0
B1,metropt3,ctl_ev3_o6_0,control,,,healthy,1.0,0,1.0,healthy,1.0
B1,metropt3,ctl_ev3_o6_1,control,,,healthy,1.0,0,1.0,healthy,1.0
B1,metropt3,ctl_ev3_o12_0,control,,,healthy,1.0,0,1.0,healthy,1.0
B1,metropt3,ctl_ev3_o12_1,control,,,monitor_deviation,1.0,0,1.0,monitor_deviation,1.0
B1,metropt3,ctl_ev3_o24_0,control,,,healthy,1.0,0,1.0,healthy,1.0
B1,metropt3,ctl_ev3_o24_1,control,,,healthy,1.0,0,1.0,healthy,1.0
B1,metropt3,ctl_ev3_o48_0,control,,,healthy,1.0,0,1.0,healthy,1.0
B1,metropt3,ctl_ev3_o48_1,control,,,healthy,1.0,0,1.0,healthy,1.0
B1,metropt3,ctl_ev3_o72_0,control,,,healthy,1.0,0,1.0,healthy,1.0
B1,metropt3,ctl_ev3_o72_1,control,,,healthy,1.0,0,1.0,healthy,1.0
B1,metropt3,ctl_ev4_o48_0,control,,,healthy,1.0,0,1.0,healthy,1.0
B1,metropt3,ctl_ev4_o48_1,control,,,monitor_deviation,1.0,0,1.0,monitor_deviation,1.0
B1,metropt2022,ev1_o6,positive,1.0,6.0,healthy,1.0,0,1.0,healthy,1.0
B1,metropt2022,ev1_o12,positive,1.0,12.0,monitor_deviation,1.0,0,1.0,monitor_deviation,1.0
B1,metropt2022,ev1_o24,positive,1.0,24.0,healthy,1.0,0,1.0,healthy,1.0
B1,metropt2022,ev1_o48,positive,1.0,48.0,healthy,1.0,0,1.0,healthy,1.0
B1,metropt2022,ev1_o72,positive,1.0,72.0,monitor_deviation,1.0,0,1.0,monitor_deviation,1.0
B1,metropt2022,ev2_o6,positive,2.0,6.0,monitor_deviation,1.0,0,1.0,monitor_deviation,1.0
B1,metropt2022,ev2_o12,positive,2.0,12.0,monitor_deviation,1.0,0,1.0,monitor_deviation,1.0
B1,metropt2022,ev2_o24,positive,2.0,24.0,healthy,1.0,0,1.0,healthy,1.0
B1,metropt2022,ev2_o48,positive,2.0,48.0,healthy,1.0,0,1.0,healthy,1.0
B1,metropt2022,ev2_o72,positive,2.0,72.0,monitor_deviation,1.0,0,1.0,monitor_deviation,1.0
B1,metropt2022,ev3_o6,positive,3.0,6.0,healthy,1.0,0,1.0,healthy,1.0
B1,metropt2022,ev3_o12,positive,3.0,12.0,healthy,1.0,0,1.0,healthy,1.0
B1,metropt2022,ev3_o24,positive,3.0,24.0,healthy,1.0,0,1.0,healthy,1.0
B1,metropt2022,ev3_o48,positive,3.0,48.0,healthy,1.0,0,1.0,healthy,1.0
B1,metropt2022,ev3_o72,positive,3.0,72.0,monitor_deviation,1.0,0,1.0,monitor_deviation,1.0
B1,metropt2022,ctl_ev1_o6_0,control,,,healthy,1.0,0,1.0,healthy,1.0
B1,metropt2022,ctl_ev1_o6_1,control,,,healthy,1.0,0,1.0,healthy,1.0
B1,metropt2022,ctl_ev1_o12_0,control,,,healthy,1.0,0,1.0,healthy,1.0
B1,metropt2022,ctl_ev1_o12_1,control,,,healthy,1.0,0,1.0,healthy,1.0
B1,metropt2022,ctl_ev1_o24_0,control,,,healthy,1.0,0,1.0,healthy,1.0
B1,metropt2022,ctl_ev1_o24_1,control,,,healthy,1.0,0,1.0,healthy,1.0
B1,metropt2022,ctl_ev1_o48_0,control,,,healthy,1.0,0,1.0,healthy,1.0
B1,metropt2022,ctl_ev1_o48_1,control,,,healthy,1.0,0,1.0,healthy,1.0
B1,metropt2022,ctl_ev1_o72_0,control,,,healthy,1.0,0,1.0,healthy,1.0
B1,metropt2022,ctl_ev1_o72_1,control,,,healthy,1.0,0,1.0,healthy,1.0
B1,metropt2022,ctl_ev2_o6_0,control,,,healthy,1.0,0,1.0,healthy,1.0
B1,metropt2022,ctl_ev2_o6_1,control,,,monitor_deviation,1.0,0,1.0,monitor_deviation,1.0
B1,metropt2022,ctl_ev2_o12_0,control,,,healthy,1.0,0,1.0,healthy,1.0
B1,metropt2022,ctl_ev2_o12_1,control,,,healthy,1.0,0,1.0,healthy,1.0
B1,metropt2022,ctl_ev2_o24_0,control,,,healthy,1.0,0,1.0,healthy,1.0
B1,metropt2022,ctl_ev2_o24_1,control,,,healthy,1.0,0,1.0,healthy,1.0
B1,metropt2022,ctl_ev2_o48_0,control,,,healthy,1.0,0,1.0,healthy,1.0
B1,metropt2022,ctl_ev2_o48_1,control,,,healthy,1.0,0,1.0,healthy,1.0
B1,metropt2022,ctl_ev2_o72_0,control,,,monitor_deviation,1.0,0,1.0,monitor_deviation,1.0
B1,metropt2022,ctl_ev2_o72_1,control,,,healthy,1.0,0,1.0,healthy,1.0
B1,metropt2022,ctl_ev3_o48_0,control,,,healthy,1.0,0,1.0,healthy,1.0
B1,metropt2022,ctl_ev3_o48_1,control,,,healthy,1.0,0,1.0,healthy,1.0
B1,metropt2022,ctl_ev3_o72_0,control,,,healthy,1.0,0,1.0,healthy,1.0
B1,metropt2022,ctl_ev3_o72_1,control,,,healthy,1.0,0,1.0,healthy,1.0
B1,metropt2022B,ev1_o48,positive,1.0,48.0,healthy,1.0,0,1.0,healthy,1.0
B1,metropt2022B,ev1_o72,positive,1.0,72.0,healthy,1.0,0,1.0,healthy,1.0
B1,metropt2022B,ev2_o12,positive,2.0,12.0,oil_degradation_indication,1.0,0,1.0,oil_degradation_indication,1.0
B1,metropt2022B,ev2_o24,positive,2.0,24.0,oil_degradation_indication,1.0,0,1.0,oil_degradation_indication,1.0
B1,metropt2022B,ev2_o48,positive,2.0,48.0,monitor_deviation,1.0,0,1.0,monitor_deviation,1.0
B1,metropt2022B,ev2_o72,positive,2.0,72.0,monitor_deviation,1.0,0,1.0,monitor_deviation,1.0
B1,metropt2022B,ctl_ev1_o48_0,control,,,healthy,1.0,0,1.0,healthy,1.0
B1,metropt2022B,ctl_ev1_o48_1,control,,,monitor_deviation,1.0,0,1.0,monitor_deviation,1.0
B1,metropt2022B,ctl_ev1_o72_0,control,,,monitor_deviation,1.0,0,1.0,monitor_deviation,1.0
B1,metropt2022B,ctl_ev1_o72_1,control,,,monitor_deviation,1.0,0,1.0,monitor_deviation,1.0
B1,metropt2022B,ctl_ev2_o12_0,control,,,healthy,1.0,0,1.0,healthy,1.0
B1,metropt2022B,ctl_ev2_o12_1,control,,,monitor_deviation,1.0,0,1.0,monitor_deviation,1.0
B1,metropt2022B,ctl_ev2_o24_0,control,,,monitor_deviation,1.0,0,1.0,monitor_deviation,1.0
B1,metropt2022B,ctl_ev2_o24_1,control,,,healthy,1.0,0,1.0,healthy,1.0
B1,metropt2022B,ctl_ev2_o48_0,control,,,healthy,1.0,0,1.0,healthy,1.0
B1,metropt2022B,ctl_ev2_o48_1,control,,,healthy,1.0,0,1.0,healthy,1.0
B1,metropt2022B,ctl_ev2_o72_0,control,,,healthy,1.0,0,1.0,healthy,1.0
B1,metropt2022B,ctl_ev2_o72_1,control,,,healthy,1.0,0,1.0,healthy,1.0
B2,metropt3,ev1_o6,positive,1.0,6.0,air_leak_indication,1.0,0,1.0,air_leak_indication,1.0
B2,metropt3,ev1_o12,positive,1.0,12.0,air_leak_indication,1.0,0,1.0,air_leak_indication,1.0
B2,metropt3,ev1_o24,positive,1.0,24.0,monitor_deviation,1.0,0,1.0,monitor_deviation,1.0
B2,metropt3,ev1_o48,positive,1.0,48.0,healthy,1.0,0,1.0,healthy,1.0
B2,metropt3,ev1_o72,positive,1.0,72.0,healthy,1.0,0,1.0,healthy,1.0
B2,metropt3,ev2_o6,positive,2.0,6.0,healthy,1.0,0,1.0,healthy,1.0
B2,metropt3,ev2_o12,positive,2.0,12.0,healthy,1.0,0,1.0,healthy,1.0
B2,metropt3,ev2_o24,positive,2.0,24.0,healthy,1.0,0,1.0,healthy,1.0
B2,metropt3,ev2_o48,positive,2.0,48.0,oil_thermal_anomaly,1.0,0,1.0,oil_thermal_anomaly,1.0
B2,metropt3,ev2_o72,positive,2.0,72.0,monitor_deviation,1.0,0,1.0,monitor_deviation,1.0
B2,metropt3,ev3_o6,positive,3.0,6.0,air_leak_indication,1.0,0,1.0,air_leak_indication,1.0
B2,metropt3,ev3_o12,positive,3.0,12.0,air_leak_indication,1.0,0,1.0,air_leak_indication,1.0
B2,metropt3,ev3_o24,positive,3.0,24.0,air_leak_indication,1.0,0,1.0,air_leak_indication,1.0
B2,metropt3,ev3_o48,positive,3.0,48.0,monitor_deviation,1.0,0,1.0,monitor_deviation,1.0
B2,metropt3,ev3_o72,positive,3.0,72.0,healthy,1.0,0,1.0,healthy,1.0
B2,metropt3,ev4_o48,positive,4.0,48.0,monitor_deviation,1.0,0,1.0,monitor_deviation,1.0
B2,metropt3,ctl_ev1_o6_0,control,,,healthy,1.0,0,1.0,healthy,1.0
B2,metropt3,ctl_ev1_o6_1,control,,,healthy,1.0,0,1.0,healthy,1.0
B2,metropt3,ctl_ev1_o12_0,control,,,healthy,1.0,0,1.0,healthy,1.0
B2,metropt3,ctl_ev1_o12_1,control,,,healthy,1.0,0,1.0,healthy,1.0
B2,metropt3,ctl_ev1_o24_0,control,,,healthy,1.0,0,1.0,healthy,1.0
B2,metropt3,ctl_ev1_o24_1,control,,,healthy,1.0,0,1.0,healthy,1.0
B2,metropt3,ctl_ev1_o48_0,control,,,healthy,1.0,0,1.0,healthy,1.0
B2,metropt3,ctl_ev1_o48_1,control,,,healthy,1.0,0,1.0,healthy,1.0
B2,metropt3,ctl_ev1_o72_0,control,,,healthy,1.0,0,1.0,healthy,1.0
B2,metropt3,ctl_ev1_o72_1,control,,,monitor_deviation,1.0,0,1.0,monitor_deviation,1.0
B2,metropt3,ctl_ev2_o6_0,control,,,healthy,1.0,0,1.0,healthy,1.0
B2,metropt3,ctl_ev2_o6_1,control,,,monitor_deviation,1.0,0,1.0,monitor_deviation,1.0
B2,metropt3,ctl_ev2_o12_0,control,,,monitor_deviation,1.0,0,1.0,monitor_deviation,1.0
B2,metropt3,ctl_ev2_o12_1,control,,,healthy,1.0,0,1.0,healthy,1.0
B2,metropt3,ctl_ev2_o24_0,control,,,healthy,1.0,0,1.0,healthy,1.0
B2,metropt3,ctl_ev2_o24_1,control,,,healthy,1.0,0,1.0,healthy,1.0
B2,metropt3,ctl_ev2_o48_0,control,,,monitor_deviation,1.0,0,1.0,monitor_deviation,1.0
B2,metropt3,ctl_ev2_o48_1,control,,,oil_thermal_anomaly,1.0,0,1.0,oil_thermal_anomaly,1.0
B2,metropt3,ctl_ev2_o72_0,control,,,healthy,1.0,0,1.0,healthy,1.0
B2,metropt3,ctl_ev2_o72_1,control,,,monitor_deviation,1.0,0,1.0,monitor_deviation,1.0
B2,metropt3,ctl_ev3_o6_0,control,,,healthy,1.0,0,1.0,healthy,1.0
B2,metropt3,ctl_ev3_o6_1,control,,,healthy,1.0,0,1.0,healthy,1.0
B2,metropt3,ctl_ev3_o12_0,control,,,healthy,1.0,0,1.0,healthy,1.0
B2,metropt3,ctl_ev3_o12_1,control,,,monitor_deviation,1.0,0,1.0,monitor_deviation,1.0
B2,metropt3,ctl_ev3_o24_0,control,,,healthy,1.0,0,1.0,healthy,1.0
B2,metropt3,ctl_ev3_o24_1,control,,,healthy,1.0,0,1.0,healthy,1.0
B2,metropt3,ctl_ev3_o48_0,control,,,healthy,1.0,0,1.0,healthy,1.0
B2,metropt3,ctl_ev3_o48_1,control,,,healthy,1.0,0,1.0,healthy,1.0
B2,metropt3,ctl_ev3_o72_0,control,,,healthy,1.0,0,1.0,healthy,1.0
B2,metropt3,ctl_ev3_o72_1,control,,,healthy,1.0,0,1.0,healthy,1.0
B2,metropt3,ctl_ev4_o48_0,control,,,healthy,1.0,0,1.0,healthy,1.0
B2,metropt3,ctl_ev4_o48_1,control,,,monitor_deviation,1.0,0,1.0,monitor_deviation,1.0
B2,metropt2022,ev1_o6,positive,1.0,6.0,healthy,1.0,0,1.0,healthy,1.0
B2,metropt2022,ev1_o12,positive,1.0,12.0,monitor_deviation,1.0,0,1.0,monitor_deviation,1.0
B2,metropt2022,ev1_o24,positive,1.0,24.0,healthy,1.0,0,1.0,healthy,1.0
B2,metropt2022,ev1_o48,positive,1.0,48.0,healthy,1.0,0,1.0,healthy,1.0
B2,metropt2022,ev1_o72,positive,1.0,72.0,monitor_deviation,1.0,0,1.0,monitor_deviation,1.0
B2,metropt2022,ev2_o6,positive,2.0,6.0,monitor_deviation,1.0,0,1.0,monitor_deviation,1.0
B2,metropt2022,ev2_o12,positive,2.0,12.0,monitor_deviation,1.0,0,1.0,monitor_deviation,1.0
B2,metropt2022,ev2_o24,positive,2.0,24.0,healthy,1.0,0,1.0,healthy,1.0
B2,metropt2022,ev2_o48,positive,2.0,48.0,healthy,1.0,0,1.0,healthy,1.0
B2,metropt2022,ev2_o72,positive,2.0,72.0,monitor_deviation,1.0,0,1.0,monitor_deviation,1.0
B2,metropt2022,ev3_o6,positive,3.0,6.0,healthy,1.0,0,1.0,healthy,1.0
B2,metropt2022,ev3_o12,positive,3.0,12.0,healthy,1.0,0,1.0,healthy,1.0
B2,metropt2022,ev3_o24,positive,3.0,24.0,healthy,1.0,0,1.0,healthy,1.0
B2,metropt2022,ev3_o48,positive,3.0,48.0,healthy,1.0,0,1.0,healthy,1.0
B2,metropt2022,ev3_o72,positive,3.0,72.0,monitor_deviation,1.0,0,1.0,monitor_deviation,1.0
B2,metropt2022,ctl_ev1_o6_0,control,,,healthy,1.0,0,1.0,healthy,1.0
B2,metropt2022,ctl_ev1_o6_1,control,,,healthy,1.0,0,1.0,healthy,1.0
B2,metropt2022,ctl_ev1_o12_0,control,,,healthy,1.0,0,1.0,healthy,1.0
B2,metropt2022,ctl_ev1_o12_1,control,,,healthy,1.0,0,1.0,healthy,1.0
B2,metropt2022,ctl_ev1_o24_0,control,,,healthy,1.0,0,1.0,healthy,1.0
B2,metropt2022,ctl_ev1_o24_1,control,,,healthy,1.0,0,1.0,healthy,1.0
B2,metropt2022,ctl_ev1_o48_0,control,,,healthy,1.0,0,1.0,healthy,1.0
B2,metropt2022,ctl_ev1_o48_1,control,,,healthy,1.0,0,1.0,healthy,1.0
B2,metropt2022,ctl_ev1_o72_0,control,,,healthy,1.0,0,1.0,healthy,1.0
B2,metropt2022,ctl_ev1_o72_1,control,,,healthy,1.0,0,1.0,healthy,1.0
B2,metropt2022,ctl_ev2_o6_0,control,,,healthy,1.0,0,1.0,healthy,1.0
B2,metropt2022,ctl_ev2_o6_1,control,,,monitor_deviation,1.0,0,1.0,monitor_deviation,1.0
B2,metropt2022,ctl_ev2_o12_0,control,,,healthy,1.0,0,1.0,healthy,1.0
B2,metropt2022,ctl_ev2_o12_1,control,,,healthy,1.0,0,1.0,healthy,1.0
B2,metropt2022,ctl_ev2_o24_0,control,,,healthy,1.0,0,1.0,healthy,1.0
B2,metropt2022,ctl_ev2_o24_1,control,,,healthy,1.0,0,1.0,healthy,1.0
B2,metropt2022,ctl_ev2_o48_0,control,,,healthy,1.0,0,1.0,healthy,1.0
B2,metropt2022,ctl_ev2_o48_1,control,,,healthy,1.0,0,1.0,healthy,1.0
B2,metropt2022,ctl_ev2_o72_0,control,,,monitor_deviation,1.0,0,1.0,monitor_deviation,1.0
B2,metropt2022,ctl_ev2_o72_1,control,,,healthy,1.0,0,1.0,healthy,1.0
B2,metropt2022,ctl_ev3_o48_0,control,,,healthy,1.0,0,1.0,healthy,1.0
B2,metropt2022,ctl_ev3_o48_1,control,,,healthy,1.0,0,1.0,healthy,1.0
B2,metropt2022,ctl_ev3_o72_0,control,,,healthy,1.0,0,1.0,healthy,1.0
B2,metropt2022,ctl_ev3_o72_1,control,,,healthy,1.0,0,1.0,healthy,1.0
B2,metropt2022B,ev1_o48,positive,1.0,48.0,healthy,1.0,0,1.0,healthy,1.0
B2,metropt2022B,ev1_o72,positive,1.0,72.0,healthy,1.0,0,1.0,healthy,1.0
B2,metropt2022B,ev2_o12,positive,2.0,12.0,oil_degradation_indication,1.0,0,1.0,oil_degradation_indication,1.0
B2,metropt2022B,ev2_o24,positive,2.0,24.0,oil_degradation_indication,1.0,0,1.0,oil_degradation_indication,1.0
B2,metropt2022B,ev2_o48,positive,2.0,48.0,monitor_deviation,1.0,0,1.0,monitor_deviation,1.0
B2,metropt2022B,ev2_o72,positive,2.0,72.0,monitor_deviation,1.0,0,1.0,monitor_deviation,1.0
B2,metropt2022B,ctl_ev1_o48_0,control,,,healthy,1.0,0,1.0,healthy,1.0
B2,metropt2022B,ctl_ev1_o48_1,control,,,monitor_deviation,1.0,0,1.0,monitor_deviation,1.0
B2,metropt2022B,ctl_ev1_o72_0,control,,,monitor_deviation,1.0,0,1.0,monitor_deviation,1.0
B2,metropt2022B,ctl_ev1_o72_1,control,,,monitor_deviation,1.0,0,1.0,monitor_deviation,1.0
B2,metropt2022B,ctl_ev2_o12_0,control,,,healthy,1.0,0,1.0,healthy,1.0
B2,metropt2022B,ctl_ev2_o12_1,control,,,monitor_deviation,1.0,0,1.0,monitor_deviation,1.0
B2,metropt2022B,ctl_ev2_o24_0,control,,,monitor_deviation,1.0,0,1.0,monitor_deviation,1.0
B2,metropt2022B,ctl_ev2_o24_1,control,,,healthy,1.0,0,1.0,healthy,1.0
B2,metropt2022B,ctl_ev2_o48_0,control,,,healthy,1.0,0,1.0,healthy,1.0
B2,metropt2022B,ctl_ev2_o48_1,control,,,healthy,1.0,0,1.0,healthy,1.0
B2,metropt2022B,ctl_ev2_o72_0,control,,,healthy,1.0,0,1.0,healthy,1.0
B2,metropt2022B,ctl_ev2_o72_1,control,,,healthy,1.0,0,1.0,healthy,1.0
B3,metropt3,ctl_ev1_o6_0,control,,,healthy,1.0,0,1.0,unknown,1.0
B3,metropt3,ctl_ev1_o6_1,control,,,healthy,1.0,0,1.0,unknown,1.0
B3,metropt3,ev1_o12,positive,1.0,12.0,air_leak_indication,1.0,0,1.0,unknown,1.0
B3,metropt3,ev1_o6,positive,1.0,6.0,air_leak_indication,1.0,0,1.0,unknown,1.0
B3,metropt2022,ctl_ev1_o6_0,control,,,healthy,1.0,0,1.0,healthy,1.0
B3,metropt2022,ctl_ev1_o6_1,control,,,healthy,1.0,0,1.0,unknown,1.0
B3,metropt2022,ev1_o12,positive,1.0,12.0,monitor_deviation,1.0,0,1.0,unknown,1.0
B3,metropt2022,ev1_o6,positive,1.0,6.0,healthy,1.0,0,1.0,unknown,1.0
B3,metropt2022B,ctl_ev1_o48_0,control,,,healthy,1.0,0,1.0,healthy,1.0
B3,metropt2022B,ctl_ev1_o48_1,control,,,monitor_deviation,1.0,0,1.0,unknown,1.0
B3,metropt2022B,ev1_o48,positive,1.0,48.0,healthy,1.0,0,1.0,healthy,1.0
B3,metropt2022B,ev1_o72,positive,1.0,72.0,healthy,1.0,0,1.0,unknown,1.0
B3,metropt3,ev1_o24,positive,1.0,24.0,monitor_deviation,1.0,0,1.0,unknown,1.0
B3,metropt3,ev2_o6,positive,2.0,6.0,healthy,1.0,0,1.0,unknown,1.0
B3,metropt3,ev2_o12,positive,2.0,12.0,healthy,1.0,0,1.0,unknown,1.0
B3,metropt3,ev2_o24,positive,2.0,24.0,healthy,1.0,0,1.0,unknown,1.0
B3,metropt3,ev2_o48,positive,2.0,48.0,oil_thermal_anomaly,1.0,0,1.0,unknown,1.0
B3,metropt3,ev2_o72,positive,2.0,72.0,monitor_deviation,1.0,0,1.0,unknown,1.0
B3,metropt3,ev3_o6,positive,3.0,6.0,air_leak_indication,1.0,0,1.0,unknown,1.0
B3,metropt3,ev3_o12,positive,3.0,12.0,air_leak_indication,1.0,0,1.0,unknown,1.0
B3,metropt3,ev3_o24,positive,3.0,24.0,air_leak_indication,1.0,0,1.0,unknown,1.0
B3,metropt3,ev3_o48,positive,3.0,48.0,monitor_deviation,1.0,0,1.0,unknown,1.0
B3,metropt3,ev3_o72,positive,3.0,72.0,healthy,1.0,0,1.0,unknown,1.0
B3,metropt3,ev4_o48,positive,4.0,48.0,monitor_deviation,1.0,0,1.0,unknown,1.0
B3,metropt3,ctl_ev1_o12_0,control,,,healthy,1.0,0,1.0,unknown,1.0
B3,metropt3,ctl_ev1_o12_1,control,,,healthy,1.0,0,1.0,unknown,1.0
B3,metropt3,ctl_ev1_o24_0,control,,,healthy,1.0,0,1.0,unknown,1.0
B3,metropt3,ctl_ev1_o24_1,control,,,healthy,1.0,0,1.0,unknown,1.0
B3,metropt3,ctl_ev1_o72_0,control,,,healthy,1.0,0,1.0,unknown,1.0
B3,metropt3,ctl_ev1_o72_1,control,,,monitor_deviation,1.0,0,1.0,unknown,1.0
B3,metropt3,ctl_ev2_o6_0,control,,,healthy,1.0,0,1.0,unknown,1.0
B3,metropt3,ctl_ev2_o6_1,control,,,monitor_deviation,1.0,0,1.0,unknown,1.0
B3,metropt3,ctl_ev2_o12_0,control,,,monitor_deviation,1.0,0,1.0,unknown,1.0
B3,metropt3,ctl_ev2_o12_1,control,,,healthy,1.0,0,1.0,unknown,1.0
B3,metropt3,ctl_ev2_o24_0,control,,,healthy,1.0,0,1.0,unknown,1.0
B3,metropt3,ctl_ev2_o24_1,control,,,healthy,1.0,0,1.0,unknown,1.0
B3,metropt3,ctl_ev2_o48_0,control,,,monitor_deviation,1.0,0,1.0,unknown,1.0
B3,metropt3,ctl_ev2_o48_1,control,,,oil_thermal_anomaly,1.0,0,1.0,unknown,1.0
B3,metropt3,ctl_ev2_o72_0,control,,,healthy,1.0,0,1.0,unknown,1.0
B3,metropt3,ctl_ev2_o72_1,control,,,monitor_deviation,1.0,0,1.0,unknown,1.0
B3,metropt3,ctl_ev3_o6_0,control,,,healthy,1.0,0,1.0,unknown,1.0
B3,metropt3,ctl_ev3_o6_1,control,,,healthy,1.0,0,1.0,unknown,1.0
B3,metropt3,ctl_ev3_o12_0,control,,,healthy,1.0,0,1.0,unknown,1.0
B3,metropt3,ctl_ev3_o12_1,control,,,monitor_deviation,1.0,0,1.0,unknown,1.0
B3,metropt3,ctl_ev3_o24_0,control,,,healthy,1.0,0,1.0,unknown,1.0
B3,metropt3,ctl_ev3_o24_1,control,,,healthy,1.0,0,1.0,unknown,1.0
B3,metropt3,ctl_ev3_o48_0,control,,,healthy,1.0,0,1.0,unknown,1.0
B3,metropt3,ctl_ev3_o48_1,control,,,healthy,1.0,0,1.0,unknown,1.0
B3,metropt3,ctl_ev3_o72_0,control,,,healthy,1.0,0,1.0,unknown,1.0
B3,metropt3,ctl_ev3_o72_1,control,,,healthy,1.0,0,1.0,unknown,1.0
B3,metropt3,ctl_ev4_o48_0,control,,,healthy,1.0,0,1.0,unknown,1.0
B3,metropt3,ctl_ev4_o48_1,control,,,monitor_deviation,1.0,0,1.0,unknown,1.0
B3,metropt2022,ev1_o24,positive,1.0,24.0,healthy,1.0,0,1.0,healthy,1.0
B3,metropt2022,ev2_o6,positive,2.0,6.0,monitor_deviation,1.0,0,1.0,unknown,1.0
B3,metropt2022,ev2_o12,positive,2.0,12.0,monitor_deviation,1.0,0,0.0,healthy,1.0
B3,metropt2022,ev2_o24,positive,2.0,24.0,healthy,1.0,0,1.0,unknown,1.0
B3,metropt2022,ev2_o48,positive,2.0,48.0,healthy,1.0,0,1.0,healthy,1.0
B3,metropt2022,ev2_o72,positive,2.0,72.0,monitor_deviation,1.0,0,1.0,unknown,1.0
B3,metropt2022,ev3_o6,positive,3.0,6.0,healthy,1.0,0,1.0,unknown,1.0
B3,metropt2022,ev3_o12,positive,3.0,12.0,healthy,1.0,0,1.0,unknown,1.0
B3,metropt2022,ev3_o24,positive,3.0,24.0,healthy,1.0,0,1.0,unknown,1.0
B3,metropt2022,ev3_o48,positive,3.0,48.0,healthy,1.0,0,1.0,healthy,1.0
B3,metropt2022,ev3_o72,positive,3.0,72.0,monitor_deviation,1.0,0,1.0,unknown,1.0
B3,metropt2022,ctl_ev1_o12_0,control,,,healthy,1.0,0,1.0,unknown,1.0
B3,metropt2022,ctl_ev1_o12_1,control,,,healthy,1.0,0,1.0,unknown,1.0
B3,metropt2022,ctl_ev1_o24_0,control,,,healthy,1.0,0,1.0,healthy,1.0
B3,metropt2022,ctl_ev1_o24_1,control,,,healthy,1.0,0,1.0,unknown,1.0
B3,metropt2022,ctl_ev1_o72_0,control,,,healthy,1.0,0,1.0,unknown,1.0
B3,metropt2022,ctl_ev1_o72_1,control,,,healthy,1.0,0,1.0,healthy,1.0
B3,metropt2022,ctl_ev2_o6_0,control,,,healthy,1.0,0,1.0,unknown,1.0
B3,metropt2022,ctl_ev2_o6_1,control,,,monitor_deviation,1.0,0,1.0,unknown,1.0
B3,metropt2022,ctl_ev2_o12_0,control,,,healthy,1.0,0,1.0,unknown,1.0
B3,metropt2022,ctl_ev2_o12_1,control,,,healthy,1.0,0,1.0,healthy,1.0
B3,metropt2022,ctl_ev2_o24_0,control,,,healthy,1.0,0,1.0,unknown,1.0
B3,metropt2022,ctl_ev2_o24_1,control,,,healthy,1.0,0,1.0,unknown,1.0
B3,metropt2022,ctl_ev2_o48_0,control,,,healthy,1.0,0,1.0,healthy,1.0
B3,metropt2022,ctl_ev2_o48_1,control,,,healthy,1.0,0,1.0,unknown,1.0
B3,metropt2022,ctl_ev2_o72_0,control,,,monitor_deviation,1.0,0,0.0,healthy,1.0
B3,metropt2022,ctl_ev2_o72_1,control,,,healthy,1.0,0,1.0,unknown,1.0
B3,metropt2022,ctl_ev3_o48_0,control,,,healthy,1.0,0,1.0,unknown,1.0
B3,metropt2022,ctl_ev3_o48_1,control,,,healthy,1.0,0,1.0,unknown,1.0
B3,metropt2022,ctl_ev3_o72_0,control,,,healthy,1.0,0,1.0,unknown,1.0
B3,metropt2022,ctl_ev3_o72_1,control,,,healthy,1.0,0,1.0,unknown,1.0
B3,metropt2022B,ev2_o12,positive,2.0,12.0,oil_degradation_indication,1.0,0,1.0,unknown,1.0
B3,metropt2022B,ev2_o24,positive,2.0,24.0,oil_degradation_indication,1.0,0,1.0,unknown,1.0
B3,metropt2022B,ev2_o48,positive,2.0,48.0,monitor_deviation,1.0,0,1.0,unknown,1.0
B3,metropt2022B,ev2_o72,positive,2.0,72.0,monitor_deviation,1.0,0,0.0,healthy,1.0
B3,metropt2022B,ctl_ev1_o72_0,control,,,monitor_deviation,1.0,0,0.0,healthy,1.0
B3,metropt2022B,ctl_ev1_o72_1,control,,,monitor_deviation,1.0,0,1.0,unknown,1.0
B3,metropt2022B,ctl_ev2_o12_0,control,,,healthy,1.0,0,1.0,unknown,1.0
B3,metropt2022B,ctl_ev2_o12_1,control,,,monitor_deviation,1.0,0,0.0,healthy,1.0
B3,metropt2022B,ctl_ev2_o24_0,control,,,monitor_deviation,1.0,0,1.0,unknown,1.0
B3,metropt2022B,ctl_ev2_o24_1,control,,,healthy,1.0,0,1.0,unknown,1.0
B3,metropt2022B,ctl_ev2_o48_0,control,,,healthy,1.0,0,1.0,unknown,1.0
B3,metropt2022B,ctl_ev2_o48_1,control,,,healthy,1.0,0,1.0,unknown,1.0
B3,metropt2022B,ctl_ev2_o72_0,control,,,healthy,1.0,0,1.0,unknown,1.0
B3,metropt2022B,ctl_ev2_o72_1,control,,,healthy,1.0,0,1.0,unknown,1.0
B3,metropt3,ev1_o48,positive,1.0,48.0,healthy,1.0,0,1.0,unknown,1.0
B3,metropt3,ev1_o72,positive,1.0,72.0,healthy,1.0,0,1.0,unknown,1.0
B3,metropt3,ctl_ev1_o48_0,control,,,healthy,1.0,0,1.0,unknown,1.0
B3,metropt3,ctl_ev1_o48_1,control,,,healthy,1.0,0,1.0,unknown,1.0
B3,metropt2022,ev1_o48,positive,1.0,48.0,healthy,1.0,0,1.0,unknown,1.0
B3,metropt2022,ev1_o72,positive,1.0,72.0,monitor_deviation,1.0,0,1.0,unknown,1.0
B3,metropt2022,ctl_ev1_o48_0,control,,,healthy,1.0,0,1.0,healthy,1.0
B3,metropt2022,ctl_ev1_o48_1,control,,,healthy,1.0,0,1.0,unknown,1.0
B3R,metropt3,ev1_o6,positive,1.0,6.0,air_leak_indication,1.0,0,1.0,air_leak_indication,1.0
B3R,metropt2022,ev1_o6,positive,1.0,6.0,healthy,1.0,0,1.0,unknown,1.0
B3R,metropt2022,ctl_ev1_o6_0,control,,,healthy,1.0,0,1.0,unknown,1.0
B3R,metropt3,ctl_ev1_o6_0,control,,,healthy,1.0,0,0.0,air_leak_indication,0.0
B3R,metropt2022B,ev1_o48,positive,1.0,48.0,healthy,1.0,0,1.0,unknown,1.0
B3R,metropt2022B,ctl_ev1_o48_0,control,,,healthy,1.0,0,1.0,unknown,0.0
B3R,metropt3,ev1_o72,positive,1.0,72.0,healthy,1.0,0,0.0,air_leak_indication,0.0
B3R,metropt3,ev1_o48,positive,1.0,48.0,healthy,1.0,0,0.0,air_leak_indication,0.0
B3R,metropt3,ev1_o24,positive,1.0,24.0,monitor_deviation,1.0,0,0.0,air_leak_indication,1.0
B3R,metropt3,ev1_o12,positive,1.0,12.0,air_leak_indication,1.0,0,1.0,unknown,1.0
B3R,metropt3,ev2_o12,positive,2.0,12.0,healthy,1.0,0,1.0,healthy,1.0
B3R,metropt3,ev2_o6,positive,2.0,6.0,healthy,1.0,0,0.0,air_leak_indication,0.0
B3R,metropt3,ev2_o24,positive,2.0,24.0,healthy,1.0,0,0.0,air_leak_indication,0.0
B3R,metropt3,ev2_o48,positive,2.0,48.0,oil_thermal_anomaly,1.0,0,1.0,unknown,1.0
B3R,metropt3,ev3_o6,positive,3.0,6.0,air_leak_indication,1.0,0,1.0,air_leak_indication,1.0
B3R,metropt3,ev2_o72,positive,2.0,72.0,monitor_deviation,1.0,0,0.0,air_leak_indication,1.0
B3R,metropt3,ev3_o24,positive,3.0,24.0,air_leak_indication,1.0,0,0.0,healthy,1.0
B3R,metropt3,ev3_o12,positive,3.0,12.0,air_leak_indication,1.0,0,1.0,unknown,1.0
B3R,metropt3,ev3_o72,positive,3.0,72.0,healthy,1.0,0,1.0,unknown,1.0
B3R,metropt3,ev3_o48,positive,3.0,48.0,monitor_deviation,1.0,0,1.0,unknown,1.0
B3R,metropt3,ctl_ev1_o6_1,control,,,healthy,1.0,0,0.0,air_leak_indication,0.0
B3R,metropt3,ev4_o48,positive,4.0,48.0,monitor_deviation,1.0,0,0.0,air_leak_indication,1.0
B3R,metropt3,ctl_ev1_o12_0,control,,,healthy,1.0,0,1.0,unknown,0.0
B3R,metropt3,ctl_ev1_o12_1,control,,,healthy,1.0,0,0.0,air_leak_indication,0.0
B3R,metropt3,ctl_ev1_o24_1,control,,,healthy,1.0,0,0.0,air_leak_indication,0.0
B3R,metropt3,ctl_ev1_o24_0,control,,,healthy,1.0,0,1.0,unknown,1.0
B3R,metropt3,ctl_ev1_o48_1,control,,,healthy,1.0,0,0.0,air_leak_indication,0.0
B3R,metropt3,ctl_ev1_o48_0,control,,,healthy,1.0,0,1.0,unknown,1.0
B3R,metropt3,ctl_ev1_o72_1,control,,,monitor_deviation,1.0,0,0.0,air_leak_indication,1.0
B3R,metropt3,ctl_ev1_o72_0,control,,,healthy,1.0,0,0.0,air_leak_indication,0.0
B3R,metropt3,ctl_ev2_o6_0,control,,,healthy,1.0,0,0.0,air_leak_indication,0.0
B3R,metropt3,ctl_ev2_o12_0,control,,,monitor_deviation,1.0,0,1.0,unknown,1.0
B3R,metropt3,ctl_ev2_o6_1,control,,,monitor_deviation,1.0,0,0.0,air_leak_indication,1.0
B3R,metropt3,ctl_ev2_o12_1,control,,,healthy,1.0,0,0.0,air_leak_indication,0.0
B3R,metropt3,ctl_ev2_o24_0,control,,,healthy,1.0,0,1.0,unknown,1.0
B3R,metropt3,ctl_ev2_o24_1,control,,,healthy,1.0,0,1.0,unknown,1.0
B3R,metropt3,ctl_ev2_o48_0,control,,,monitor_deviation,1.0,0,0.0,healthy,1.0
B3R,metropt3,ctl_ev2_o48_1,control,,,oil_thermal_anomaly,1.0,0,1.0,unknown,1.0
B3R,metropt3,ctl_ev2_o72_0,control,,,healthy,1.0,0,0.0,air_leak_indication,0.0
B3R,metropt3,ctl_ev2_o72_1,control,,,monitor_deviation,1.0,0,0.0,oil_degradation_indication,1.0
B3R,metropt3,ctl_ev3_o6_0,control,,,healthy,1.0,0,0.0,air_leak_indication,0.0
B3R,metropt3,ctl_ev3_o6_1,control,,,healthy,1.0,0,1.0,unknown,1.0
B3R,metropt3,ctl_ev3_o12_0,control,,,healthy,1.0,0,1.0,unknown,1.0
B3R,metropt3,ctl_ev3_o24_1,control,,,healthy,1.0,0,0.0,air_leak_indication,0.0
B3R,metropt3,ctl_ev3_o12_1,control,,,monitor_deviation,1.0,0,0.0,air_leak_indication,1.0
B3R,metropt3,ctl_ev3_o24_0,control,,,healthy,1.0,0,0.0,air_leak_indication,0.0
B3R,metropt3,ctl_ev3_o48_0,control,,,healthy,1.0,0,0.0,air_leak_indication,0.0
B3R,metropt3,ctl_ev3_o72_1,control,,,healthy,1.0,0,1.0,unknown,1.0
B3R,metropt3,ctl_ev3_o72_0,control,,,healthy,1.0,0,1.0,unknown,1.0
B3R,metropt3,ctl_ev3_o48_1,control,,,healthy,1.0,0,0.0,air_leak_indication,0.0
B3R,metropt3,ctl_ev4_o48_0,control,,,healthy,1.0,0,0.0,air_leak_indication,0.0
B3R,metropt2022,ev1_o12,positive,1.0,12.0,monitor_deviation,1.0,0,0.0,air_leak_indication,1.0
B3R,metropt2022,ev1_o24,positive,1.0,24.0,healthy,1.0,0,0.0,air_leak_indication,0.0
B3R,metropt2022,ev1_o48,positive,1.0,48.0,healthy,1.0,0,0.0,air_leak_indication,0.0
B3R,metropt3,ctl_ev4_o48_1,control,,,monitor_deviation,1.0,0,1.0,unknown,1.0
B3R,metropt2022,ev1_o72,positive,1.0,72.0,monitor_deviation,1.0,0,1.0,unknown,1.0
B3R,metropt2022,ev2_o24,positive,2.0,24.0,healthy,1.0,0,1.0,unknown,1.0
B3R,metropt2022,ev2_o12,positive,2.0,12.0,monitor_deviation,1.0,0,1.0,unknown,1.0
B3R,metropt2022,ev2_o6,positive,2.0,6.0,monitor_deviation,1.0,0,1.0,unknown,1.0
B3R,metropt2022,ev2_o48,positive,2.0,48.0,healthy,1.0,0,1.0,unknown,1.0
B3R,metropt2022,ev2_o72,positive,2.0,72.0,monitor_deviation,1.0,0,0.0,air_leak_indication,1.0
B3R,metropt2022,ev3_o12,positive,3.0,12.0,healthy,1.0,0,1.0,unknown,1.0
B3R,metropt2022,ev3_o6,positive,3.0,6.0,healthy,1.0,0,0.0,air_leak_indication,0.0
B3R,metropt2022,ev3_o24,positive,3.0,24.0,healthy,1.0,0,1.0,unknown,1.0
B3R,metropt2022,ev3_o48,positive,3.0,48.0,healthy,1.0,0,1.0,unknown,1.0
B3R,metropt2022,ev3_o72,positive,3.0,72.0,monitor_deviation,1.0,0,0.0,air_leak_indication,1.0
B3R,metropt2022,ctl_ev1_o6_1,control,,,healthy,1.0,0,1.0,unknown,1.0
B3R,metropt2022,ctl_ev1_o12_0,control,,,healthy,1.0,0,1.0,unknown,1.0
B3R,metropt2022,ctl_ev1_o12_1,control,,,healthy,1.0,0,0.0,air_leak_indication,0.0
B3R,metropt2022,ctl_ev1_o24_0,control,,,healthy,1.0,0,1.0,unknown,1.0
B3R,metropt2022,ctl_ev1_o48_0,control,,,healthy,1.0,0,0.0,air_leak_indication,0.0
B3R,metropt2022,ctl_ev1_o24_1,control,,,healthy,1.0,0,1.0,unknown,0.0
B3R,metropt2022,ctl_ev1_o72_0,control,,,healthy,1.0,0,1.0,unknown,1.0
B3R,metropt2022,ctl_ev1_o48_1,control,,,healthy,1.0,0,1.0,unknown,1.0
B3R,metropt2022,ctl_ev1_o72_1,control,,,healthy,1.0,0,0.0,air_leak_indication,0.0
B3R,metropt2022,ctl_ev2_o6_1,control,,,monitor_deviation,1.0,0,0.0,air_leak_indication,1.0
B3R,metropt2022,ctl_ev2_o6_0,control,,,healthy,1.0,0,0.0,air_leak_indication,0.0
B3R,metropt2022,ctl_ev2_o12_1,control,,,healthy,1.0,0,1.0,unknown,1.0
B3R,metropt2022,ctl_ev2_o12_0,control,,,healthy,1.0,0,0.0,air_leak_indication,0.0
B3R,metropt2022,ctl_ev2_o24_0,control,,,healthy,1.0,0,0.0,air_leak_indication,0.0
B3R,metropt2022,ctl_ev2_o24_1,control,,,healthy,1.0,0,1.0,unknown,1.0
B3R,metropt2022,ctl_ev2_o48_0,control,,,healthy,1.0,0,1.0,unknown,1.0
B3R,metropt2022,ctl_ev2_o72_0,control,,,monitor_deviation,1.0,0,1.0,unknown,1.0
B3R,metropt2022,ctl_ev2_o48_1,control,,,healthy,1.0,0,1.0,unknown,0.0
B3R,metropt2022,ctl_ev2_o72_1,control,,,healthy,1.0,0,1.0,unknown,1.0
B3R,metropt2022,ctl_ev3_o48_0,control,,,healthy,1.0,0,0.0,air_leak_indication,0.0
B3R,metropt2022,ctl_ev3_o48_1,control,,,healthy,1.0,0,0.0,air_leak_indication,0.0
B3R,metropt2022,ctl_ev3_o72_0,control,,,healthy,1.0,0,1.0,unknown,1.0
B3R,metropt2022B,ev2_o12,positive,2.0,12.0,oil_degradation_indication,1.0,0,0.0,air_leak_indication,1.0
B3R,metropt2022B,ev1_o72,positive,1.0,72.0,healthy,1.0,0,1.0,unknown,1.0
B3R,metropt2022,ctl_ev3_o72_1,control,,,healthy,1.0,0,1.0,unknown,0.0
B3R,metropt2022B,ev2_o48,positive,2.0,48.0,monitor_deviation,1.0,0,0.0,healthy,1.0
B3R,metropt2022B,ev2_o24,positive,2.0,24.0,oil_degradation_indication,1.0,0,1.0,unknown,1.0
B3R,metropt2022B,ctl_ev1_o48_1,control,,,monitor_deviation,1.0,0,0.0,air_leak_indication,1.0
B3R,metropt2022B,ev2_o72,positive,2.0,72.0,monitor_deviation,1.0,0,1.0,unknown,1.0
B3R,metropt2022B,ctl_ev1_o72_0,control,,,monitor_deviation,1.0,0,1.0,unknown,1.0
B3R,metropt2022B,ctl_ev1_o72_1,control,,,monitor_deviation,1.0,0,0.0,air_leak_indication,1.0
B3R,metropt2022B,ctl_ev2_o12_0,control,,,healthy,1.0,0,1.0,unknown,0.0
B3R,metropt2022B,ctl_ev2_o12_1,control,,,monitor_deviation,1.0,0,1.0,unknown,1.0
B3R,metropt2022B,ctl_ev2_o24_0,control,,,monitor_deviation,1.0,0,1.0,unknown,1.0
B3R,metropt2022B,ctl_ev2_o24_1,control,,,healthy,1.0,0,1.0,unknown,0.0
B3R,metropt2022B,ctl_ev2_o48_1,control,,,healthy,1.0,0,1.0,unknown,1.0
B3R,metropt2022B,ctl_ev2_o48_0,control,,,healthy,1.0,0,1.0,unknown,0.0
B3R,metropt2022B,ctl_ev2_o72_1,control,,,healthy,1.0,0,1.0,unknown,1.0
B3R,metropt2022B,ctl_ev2_o72_0,control,,,healthy,1.0,0,1.0,unknown,1.0
B5,metropt3,ctl_ev1_o6_0,control,,,healthy,1.0,0,1.0,healthy,1.0
B5,metropt3,ctl_ev1_o6_1,control,,,healthy,1.0,0,1.0,healthy,1.0
B5,metropt3,ev1_o12,positive,1.0,12.0,air_leak_indication,1.0,0,0.0,healthy,1.0
B5,metropt3,ev1_o6,positive,1.0,6.0,air_leak_indication,1.0,0,0.0,healthy,1.0
B5,metropt2022,ctl_ev1_o6_0,control,,,healthy,1.0,0,1.0,healthy,1.0
B5,metropt2022,ctl_ev1_o6_1,control,,,healthy,1.0,0,1.0,healthy,1.0
B5,metropt2022,ev1_o12,positive,1.0,12.0,monitor_deviation,1.0,0,0.0,healthy,1.0
B5,metropt2022,ev1_o6,positive,1.0,6.0,healthy,1.0,0,1.0,healthy,1.0
B5,metropt2022B,ctl_ev1_o48_0,control,,,healthy,1.0,0,1.0,healthy,1.0
B5,metropt2022B,ctl_ev1_o48_1,control,,,monitor_deviation,1.0,0,0.0,healthy,1.0
B5,metropt2022B,ev1_o48,positive,1.0,48.0,healthy,1.0,0,1.0,healthy,1.0
B5,metropt2022B,ev1_o72,positive,1.0,72.0,healthy,1.0,0,1.0,healthy,1.0
B5,metropt3,ev1_o24,positive,1.0,24.0,monitor_deviation,1.0,0,0.0,healthy,1.0
B5,metropt3,ev2_o6,positive,2.0,6.0,healthy,1.0,0,1.0,healthy,1.0
B5,metropt3,ev2_o12,positive,2.0,12.0,healthy,1.0,0,1.0,healthy,1.0
B5,metropt3,ev2_o24,positive,2.0,24.0,healthy,1.0,0,1.0,healthy,1.0
B5,metropt3,ev2_o48,positive,2.0,48.0,oil_thermal_anomaly,1.0,0,0.0,healthy,1.0
B5,metropt3,ev2_o72,positive,2.0,72.0,monitor_deviation,1.0,0,0.0,healthy,1.0
B5,metropt3,ev3_o6,positive,3.0,6.0,air_leak_indication,1.0,0,0.0,healthy,1.0
B5,metropt3,ev3_o12,positive,3.0,12.0,air_leak_indication,1.0,0,0.0,healthy,1.0
B5,metropt3,ev3_o24,positive,3.0,24.0,air_leak_indication,1.0,0,0.0,healthy,1.0
B5,metropt3,ev3_o48,positive,3.0,48.0,monitor_deviation,1.0,0,0.0,healthy,1.0
B5,metropt3,ev3_o72,positive,3.0,72.0,healthy,1.0,0,1.0,healthy,1.0
B5,metropt3,ev4_o48,positive,4.0,48.0,monitor_deviation,1.0,0,0.0,healthy,1.0
B5,metropt3,ctl_ev1_o12_0,control,,,healthy,1.0,0,1.0,healthy,1.0
B5,metropt3,ctl_ev1_o12_1,control,,,healthy,1.0,0,1.0,healthy,0.0
B5,metropt3,ctl_ev1_o24_0,control,,,healthy,1.0,0,1.0,healthy,1.0
B5,metropt3,ctl_ev1_o24_1,control,,,healthy,1.0,0,1.0,healthy,1.0
B5,metropt3,ctl_ev1_o72_0,control,,,healthy,1.0,0,1.0,healthy,1.0
B5,metropt3,ctl_ev1_o72_1,control,,,monitor_deviation,1.0,0,0.0,healthy,1.0
B5,metropt3,ctl_ev2_o6_0,control,,,healthy,1.0,0,1.0,healthy,1.0
B5,metropt3,ctl_ev2_o6_1,control,,,monitor_deviation,1.0,0,0.0,healthy,1.0
B5,metropt3,ctl_ev2_o12_0,control,,,monitor_deviation,1.0,0,0.0,healthy,1.0
B5,metropt3,ctl_ev2_o12_1,control,,,healthy,1.0,0,1.0,healthy,1.0
B5,metropt3,ctl_ev2_o24_0,control,,,healthy,1.0,0,1.0,healthy,1.0
B5,metropt3,ctl_ev2_o24_1,control,,,healthy,1.0,0,1.0,healthy,1.0
B5,metropt3,ctl_ev2_o48_0,control,,,monitor_deviation,1.0,0,0.0,healthy,1.0
B5,metropt3,ctl_ev2_o48_1,control,,,oil_thermal_anomaly,1.0,0,0.0,healthy,1.0
B5,metropt3,ctl_ev2_o72_0,control,,,healthy,1.0,0,1.0,healthy,1.0
B5,metropt3,ctl_ev2_o72_1,control,,,monitor_deviation,1.0,0,0.0,healthy,1.0
B5,metropt3,ctl_ev3_o6_0,control,,,healthy,1.0,0,1.0,healthy,1.0
B5,metropt3,ctl_ev3_o6_1,control,,,healthy,1.0,0,1.0,healthy,1.0
B5,metropt3,ctl_ev3_o12_0,control,,,healthy,1.0,0,1.0,healthy,1.0
B5,metropt3,ctl_ev3_o12_1,control,,,monitor_deviation,1.0,0,0.0,healthy,1.0
B5,metropt3,ctl_ev3_o24_0,control,,,healthy,1.0,0,1.0,healthy,1.0
B5,metropt3,ctl_ev3_o24_1,control,,,healthy,1.0,0,1.0,healthy,1.0
B5,metropt3,ctl_ev3_o48_0,control,,,healthy,1.0,0,1.0,healthy,1.0
B5,metropt3,ctl_ev3_o48_1,control,,,healthy,1.0,0,1.0,healthy,1.0
B5,metropt3,ctl_ev3_o72_0,control,,,healthy,1.0,0,1.0,healthy,1.0
B5,metropt3,ctl_ev3_o72_1,control,,,healthy,1.0,0,1.0,healthy,1.0
B5,metropt3,ctl_ev4_o48_0,control,,,healthy,1.0,0,1.0,healthy,1.0
B5,metropt3,ctl_ev4_o48_1,control,,,monitor_deviation,1.0,0,0.0,healthy,1.0
B5,metropt2022,ev1_o24,positive,1.0,24.0,healthy,1.0,0,1.0,healthy,1.0
B5,metropt2022,ev2_o6,positive,2.0,6.0,monitor_deviation,1.0,0,0.0,healthy,1.0
B5,metropt2022,ev2_o12,positive,2.0,12.0,monitor_deviation,1.0,0,0.0,healthy,1.0
B5,metropt2022,ev2_o24,positive,2.0,24.0,healthy,1.0,0,1.0,healthy,1.0
B5,metropt2022,ev2_o48,positive,2.0,48.0,healthy,1.0,0,1.0,healthy,1.0
B5,metropt2022,ev2_o72,positive,2.0,72.0,monitor_deviation,1.0,0,0.0,healthy,1.0
B5,metropt2022,ev3_o6,positive,3.0,6.0,healthy,1.0,0,1.0,healthy,1.0
B5,metropt2022,ev3_o12,positive,3.0,12.0,healthy,1.0,0,1.0,healthy,1.0
B5,metropt2022,ev3_o24,positive,3.0,24.0,healthy,1.0,0,1.0,healthy,1.0
B5,metropt2022,ev3_o48,positive,3.0,48.0,healthy,1.0,0,1.0,healthy,1.0
B5,metropt2022,ev3_o72,positive,3.0,72.0,monitor_deviation,1.0,0,0.0,healthy,1.0
B5,metropt2022,ctl_ev1_o12_0,control,,,healthy,1.0,0,1.0,healthy,1.0
B5,metropt2022,ctl_ev1_o12_1,control,,,healthy,1.0,0,1.0,healthy,1.0
B5,metropt2022,ctl_ev1_o24_0,control,,,healthy,1.0,0,1.0,healthy,1.0
B5,metropt2022,ctl_ev1_o24_1,control,,,healthy,1.0,0,1.0,healthy,1.0
B5,metropt2022,ctl_ev1_o72_0,control,,,healthy,1.0,0,1.0,healthy,1.0
B5,metropt2022,ctl_ev1_o72_1,control,,,healthy,1.0,0,1.0,healthy,1.0
B5,metropt2022,ctl_ev2_o6_0,control,,,healthy,1.0,0,1.0,healthy,1.0
B5,metropt2022,ctl_ev2_o6_1,control,,,monitor_deviation,1.0,0,0.0,healthy,1.0
B5,metropt2022,ctl_ev2_o12_0,control,,,healthy,1.0,0,1.0,healthy,1.0
B5,metropt2022,ctl_ev2_o12_1,control,,,healthy,1.0,0,1.0,healthy,1.0
B5,metropt2022,ctl_ev2_o24_0,control,,,healthy,1.0,0,1.0,healthy,1.0
B5,metropt2022,ctl_ev2_o24_1,control,,,healthy,1.0,0,1.0,healthy,1.0
B5,metropt2022,ctl_ev2_o48_0,control,,,healthy,1.0,0,1.0,healthy,1.0
B5,metropt2022,ctl_ev2_o48_1,control,,,healthy,1.0,0,1.0,healthy,1.0
B5,metropt2022,ctl_ev2_o72_0,control,,,monitor_deviation,1.0,0,0.0,healthy,1.0
B5,metropt2022,ctl_ev2_o72_1,control,,,healthy,1.0,0,1.0,healthy,1.0
B5,metropt2022,ctl_ev3_o48_0,control,,,healthy,1.0,0,1.0,healthy,1.0
B5,metropt2022,ctl_ev3_o48_1,control,,,healthy,1.0,0,1.0,healthy,1.0
B5,metropt2022,ctl_ev3_o72_0,control,,,healthy,1.0,0,1.0,healthy,1.0
B5,metropt2022,ctl_ev3_o72_1,control,,,healthy,1.0,0,1.0,healthy,1.0
B5,metropt2022B,ev2_o12,positive,2.0,12.0,oil_degradation_indication,1.0,0,0.0,healthy,1.0
B5,metropt2022B,ev2_o24,positive,2.0,24.0,oil_degradation_indication,1.0,0,0.0,healthy,1.0
B5,metropt2022B,ev2_o48,positive,2.0,48.0,monitor_deviation,1.0,0,0.0,healthy,1.0
B5,metropt2022B,ev2_o72,positive,2.0,72.0,monitor_deviation,1.0,0,0.0,healthy,1.0
B5,metropt2022B,ctl_ev1_o72_0,control,,,monitor_deviation,1.0,0,0.0,healthy,1.0
B5,metropt2022B,ctl_ev1_o72_1,control,,,monitor_deviation,1.0,0,0.0,healthy,1.0
B5,metropt2022B,ctl_ev2_o12_0,control,,,healthy,1.0,0,1.0,healthy,1.0
B5,metropt2022B,ctl_ev2_o12_1,control,,,monitor_deviation,1.0,0,0.0,healthy,1.0
B5,metropt2022B,ctl_ev2_o24_0,control,,,monitor_deviation,1.0,0,0.0,healthy,1.0
B5,metropt2022B,ctl_ev2_o24_1,control,,,healthy,1.0,0,1.0,healthy,1.0
B5,metropt2022B,ctl_ev2_o48_0,control,,,healthy,1.0,0,1.0,healthy,1.0
B5,metropt2022B,ctl_ev2_o48_1,control,,,healthy,1.0,0,1.0,healthy,1.0
B5,metropt2022B,ctl_ev2_o72_0,control,,,healthy,1.0,0,1.0,healthy,1.0
B5,metropt2022B,ctl_ev2_o72_1,control,,,healthy,1.0,0,1.0,healthy,1.0
B5,metropt3,ev1_o48,positive,1.0,48.0,healthy,1.0,0,1.0,healthy,1.0
B5,metropt3,ev1_o72,positive,1.0,72.0,healthy,1.0,0,1.0,healthy,1.0
B5,metropt3,ctl_ev1_o48_0,control,,,healthy,1.0,0,1.0,healthy,1.0
B5,metropt3,ctl_ev1_o48_1,control,,,healthy,1.0,0,1.0,healthy,1.0
B5,metropt2022,ev1_o48,positive,1.0,48.0,healthy,1.0,0,1.0,healthy,1.0
B5,metropt2022,ev1_o72,positive,1.0,72.0,monitor_deviation,1.0,0,0.0,healthy,1.0
B5,metropt2022,ctl_ev1_o48_0,control,,,healthy,1.0,0,1.0,healthy,1.0
B5,metropt2022,ctl_ev1_o48_1,control,,,healthy,1.0,0,1.0,healthy,1.0
B8,metropt3,ctl_ev1_o6_0,control,,,healthy,1.0,0,1.0,healthy,1.0
B8,metropt3,ctl_ev1_o6_1,control,,,healthy,1.0,0,1.0,healthy,1.0
B8,metropt3,ev1_o12,positive,1.0,12.0,air_leak_indication,1.0,0,1.0,air_leak_indication,1.0
B8,metropt3,ev1_o6,positive,1.0,6.0,air_leak_indication,1.0,0,1.0,air_leak_indication,1.0
B8,metropt2022,ctl_ev1_o6_0,control,,,healthy,1.0,0,1.0,healthy,1.0
B8,metropt2022,ctl_ev1_o6_1,control,,,healthy,1.0,0,1.0,healthy,1.0
B8,metropt2022,ev1_o12,positive,1.0,12.0,monitor_deviation,1.0,0,1.0,monitor_deviation,1.0
B8,metropt2022,ev1_o6,positive,1.0,6.0,healthy,1.0,0,1.0,healthy,1.0
B8,metropt2022B,ctl_ev1_o48_0,control,,,healthy,1.0,0,1.0,healthy,1.0
B8,metropt2022B,ctl_ev1_o48_1,control,,,monitor_deviation,1.0,0,1.0,monitor_deviation,1.0
B8,metropt2022B,ev1_o48,positive,1.0,48.0,healthy,1.0,0,1.0,healthy,1.0
B8,metropt2022B,ev1_o72,positive,1.0,72.0,healthy,1.0,0,1.0,healthy,1.0
B8,metropt3,ev1_o24,positive,1.0,24.0,monitor_deviation,1.0,0,1.0,monitor_deviation,1.0
B8,metropt3,ev2_o6,positive,2.0,6.0,healthy,1.0,0,1.0,healthy,1.0
B8,metropt3,ev2_o12,positive,2.0,12.0,healthy,1.0,0,1.0,healthy,1.0
B8,metropt3,ev2_o24,positive,2.0,24.0,healthy,1.0,0,1.0,healthy,1.0
B8,metropt3,ev2_o48,positive,2.0,48.0,oil_thermal_anomaly,1.0,0,1.0,oil_thermal_anomaly,1.0
B8,metropt3,ev2_o72,positive,2.0,72.0,monitor_deviation,1.0,0,1.0,monitor_deviation,1.0
B8,metropt3,ev3_o6,positive,3.0,6.0,air_leak_indication,1.0,0,1.0,air_leak_indication,1.0
B8,metropt3,ev3_o12,positive,3.0,12.0,air_leak_indication,1.0,0,1.0,air_leak_indication,1.0
B8,metropt3,ev3_o24,positive,3.0,24.0,air_leak_indication,1.0,0,1.0,air_leak_indication,1.0
B8,metropt3,ev3_o48,positive,3.0,48.0,monitor_deviation,1.0,0,1.0,monitor_deviation,1.0
B8,metropt3,ev3_o72,positive,3.0,72.0,healthy,1.0,0,1.0,healthy,1.0
B8,metropt3,ev4_o48,positive,4.0,48.0,monitor_deviation,1.0,0,1.0,monitor_deviation,1.0
B8,metropt3,ctl_ev1_o12_0,control,,,healthy,0.0,1,1.0,healthy,1.0
B8,metropt3,ctl_ev1_o12_1,control,,,healthy,1.0,0,1.0,healthy,1.0
B8,metropt3,ctl_ev1_o24_0,control,,,healthy,1.0,0,1.0,healthy,1.0
B8,metropt3,ctl_ev1_o24_1,control,,,healthy,1.0,0,1.0,healthy,1.0
B8,metropt3,ctl_ev1_o72_0,control,,,healthy,1.0,0,1.0,healthy,1.0
B8,metropt3,ctl_ev1_o72_1,control,,,monitor_deviation,1.0,0,1.0,monitor_deviation,1.0
B8,metropt3,ctl_ev2_o6_0,control,,,healthy,1.0,0,1.0,healthy,1.0
B8,metropt3,ctl_ev2_o6_1,control,,,monitor_deviation,1.0,0,1.0,monitor_deviation,1.0
B8,metropt3,ctl_ev2_o12_0,control,,,monitor_deviation,0.0,1,1.0,monitor_deviation,1.0
B8,metropt3,ctl_ev2_o12_1,control,,,healthy,1.0,0,1.0,healthy,1.0
B8,metropt3,ctl_ev2_o24_0,control,,,healthy,1.0,0,1.0,healthy,1.0
B8,metropt3,ctl_ev2_o24_1,control,,,healthy,1.0,0,1.0,healthy,1.0
B8,metropt3,ctl_ev2_o48_0,control,,,monitor_deviation,1.0,0,0.0,healthy,1.0
B8,metropt3,ctl_ev2_o48_1,control,,,oil_thermal_anomaly,1.0,0,1.0,oil_thermal_anomaly,1.0
B8,metropt3,ctl_ev2_o72_0,control,,,healthy,1.0,0,1.0,healthy,1.0
B8,metropt3,ctl_ev2_o72_1,control,,,monitor_deviation,1.0,0,1.0,monitor_deviation,1.0
B8,metropt3,ctl_ev3_o6_0,control,,,healthy,1.0,0,1.0,healthy,1.0
B8,metropt3,ctl_ev3_o6_1,control,,,healthy,1.0,0,1.0,healthy,1.0
B8,metropt3,ctl_ev3_o12_0,control,,,healthy,1.0,0,1.0,healthy,1.0
B8,metropt3,ctl_ev3_o12_1,control,,,monitor_deviation,1.0,0,1.0,monitor_deviation,1.0
B8,metropt3,ctl_ev3_o24_0,control,,,healthy,1.0,0,1.0,healthy,1.0
B8,metropt3,ctl_ev3_o24_1,control,,,healthy,1.0,0,1.0,healthy,1.0
B8,metropt3,ctl_ev3_o48_0,control,,,healthy,1.0,0,1.0,healthy,1.0
B8,metropt3,ctl_ev3_o48_1,control,,,healthy,1.0,0,1.0,healthy,1.0
B8,metropt3,ctl_ev3_o72_0,control,,,healthy,1.0,0,1.0,healthy,1.0
B8,metropt3,ctl_ev3_o72_1,control,,,healthy,1.0,0,1.0,healthy,1.0
B8,metropt3,ctl_ev4_o48_0,control,,,healthy,1.0,0,1.0,healthy,1.0
B8,metropt3,ctl_ev4_o48_1,control,,,monitor_deviation,1.0,0,1.0,monitor_deviation,1.0
B8,metropt2022,ev1_o24,positive,1.0,24.0,healthy,1.0,0,1.0,healthy,1.0
B8,metropt2022,ev2_o6,positive,2.0,6.0,monitor_deviation,1.0,0,1.0,monitor_deviation,1.0
B8,metropt2022,ev2_o12,positive,2.0,12.0,monitor_deviation,1.0,0,1.0,monitor_deviation,1.0
B8,metropt2022,ev2_o24,positive,2.0,24.0,healthy,1.0,0,1.0,healthy,1.0
B8,metropt2022,ev2_o48,positive,2.0,48.0,healthy,1.0,0,1.0,healthy,1.0
B8,metropt2022,ev2_o72,positive,2.0,72.0,monitor_deviation,1.0,0,1.0,monitor_deviation,1.0
B8,metropt2022,ev3_o6,positive,3.0,6.0,healthy,1.0,0,1.0,healthy,1.0
B8,metropt2022,ev3_o12,positive,3.0,12.0,healthy,1.0,0,1.0,healthy,1.0
B8,metropt2022,ev3_o24,positive,3.0,24.0,healthy,1.0,0,1.0,healthy,1.0
B8,metropt2022,ev3_o48,positive,3.0,48.0,healthy,1.0,0,1.0,healthy,1.0
B8,metropt2022,ev3_o72,positive,3.0,72.0,monitor_deviation,1.0,0,1.0,monitor_deviation,1.0
B8,metropt2022,ctl_ev1_o12_0,control,,,healthy,1.0,0,1.0,healthy,1.0
B8,metropt2022,ctl_ev1_o12_1,control,,,healthy,1.0,0,1.0,healthy,1.0
B8,metropt2022,ctl_ev1_o24_0,control,,,healthy,1.0,0,1.0,healthy,1.0
B8,metropt2022,ctl_ev1_o24_1,control,,,healthy,1.0,0,1.0,healthy,1.0
B8,metropt2022,ctl_ev1_o72_0,control,,,healthy,1.0,0,1.0,healthy,1.0
B8,metropt2022,ctl_ev1_o72_1,control,,,healthy,1.0,0,1.0,healthy,1.0
B8,metropt2022,ctl_ev2_o6_0,control,,,healthy,1.0,0,1.0,healthy,1.0
B8,metropt2022,ctl_ev2_o6_1,control,,,monitor_deviation,1.0,0,1.0,monitor_deviation,1.0
B8,metropt2022,ctl_ev2_o12_0,control,,,healthy,1.0,0,1.0,healthy,1.0
B8,metropt2022,ctl_ev2_o12_1,control,,,healthy,1.0,0,1.0,healthy,1.0
B8,metropt2022,ctl_ev2_o24_0,control,,,healthy,1.0,0,1.0,healthy,1.0
B8,metropt2022,ctl_ev2_o24_1,control,,,healthy,1.0,0,1.0,healthy,1.0
B8,metropt2022,ctl_ev2_o48_0,control,,,healthy,1.0,0,1.0,healthy,1.0
B8,metropt2022,ctl_ev2_o48_1,control,,,healthy,1.0,0,1.0,healthy,1.0
B8,metropt2022,ctl_ev2_o72_0,control,,,monitor_deviation,1.0,0,1.0,monitor_deviation,1.0
B8,metropt2022,ctl_ev2_o72_1,control,,,healthy,1.0,0,1.0,healthy,1.0
B8,metropt2022,ctl_ev3_o48_0,control,,,healthy,1.0,0,1.0,healthy,1.0
B8,metropt2022,ctl_ev3_o48_1,control,,,healthy,1.0,0,1.0,healthy,1.0
B8,metropt2022,ctl_ev3_o72_0,control,,,healthy,1.0,0,1.0,healthy,1.0
B8,metropt2022,ctl_ev3_o72_1,control,,,healthy,1.0,0,1.0,healthy,1.0
B8,metropt2022B,ev2_o12,positive,2.0,12.0,oil_degradation_indication,1.0,0,1.0,oil_degradation_indication,1.0
B8,metropt2022B,ev2_o24,positive,2.0,24.0,oil_degradation_indication,1.0,0,1.0,unknown,1.0
B8,metropt2022B,ev2_o48,positive,2.0,48.0,monitor_deviation,1.0,0,1.0,monitor_deviation,1.0
B8,metropt2022B,ev2_o72,positive,2.0,72.0,monitor_deviation,1.0,0,1.0,monitor_deviation,1.0
B8,metropt2022B,ctl_ev1_o72_0,control,,,monitor_deviation,1.0,0,1.0,monitor_deviation,1.0
B8,metropt2022B,ctl_ev1_o72_1,control,,,monitor_deviation,1.0,0,1.0,monitor_deviation,1.0
B8,metropt2022B,ctl_ev2_o12_0,control,,,healthy,1.0,0,1.0,healthy,1.0
B8,metropt2022B,ctl_ev2_o12_1,control,,,monitor_deviation,1.0,0,1.0,monitor_deviation,1.0
B8,metropt2022B,ctl_ev2_o24_0,control,,,monitor_deviation,1.0,0,1.0,monitor_deviation,1.0
B8,metropt2022B,ctl_ev2_o24_1,control,,,healthy,1.0,0,1.0,healthy,1.0
B8,metropt2022B,ctl_ev2_o48_0,control,,,healthy,1.0,0,1.0,healthy,1.0
B8,metropt2022B,ctl_ev2_o48_1,control,,,healthy,0.0,1,1.0,healthy,1.0
B8,metropt2022B,ctl_ev2_o72_0,control,,,healthy,1.0,0,1.0,healthy,1.0
B8,metropt2022B,ctl_ev2_o72_1,control,,,healthy,1.0,0,1.0,healthy,1.0
B8,metropt3,ev1_o48,positive,1.0,48.0,healthy,1.0,0,1.0,healthy,1.0
B8,metropt3,ev1_o72,positive,1.0,72.0,healthy,1.0,0,1.0,healthy,1.0
B8,metropt3,ctl_ev1_o48_0,control,,,healthy,1.0,0,1.0,healthy,1.0
B8,metropt3,ctl_ev1_o48_1,control,,,healthy,1.0,0,1.0,healthy,1.0
B8,metropt2022,ev1_o48,positive,1.0,48.0,healthy,1.0,0,1.0,healthy,1.0
B8,metropt2022,ev1_o72,positive,1.0,72.0,monitor_deviation,1.0,0,1.0,monitor_deviation,1.0
B8,metropt2022,ctl_ev1_o48_0,control,,,healthy,1.0,0,1.0,healthy,1.0
B8,metropt2022,ctl_ev1_o48_1,control,,,healthy,1.0,0,1.0,healthy,1.0
B8R,metropt3,ctl_ev1_o6_0,control,,,healthy,1.0,0,1.0,healthy,1.0
B8R,metropt3,ctl_ev1_o6_1,control,,,healthy,1.0,0,1.0,healthy,1.0
B8R,metropt3,ev1_o6,positive,1.0,6.0,air_leak_indication,1.0,0,1.0,air_leak_indication,1.0
B8R,metropt3,ev1_o12,positive,1.0,12.0,air_leak_indication,1.0,0,1.0,air_leak_indication,1.0
B8R,metropt2022,ctl_ev1_o6_1,control,,,healthy,1.0,0,1.0,healthy,1.0
B8R,metropt2022,ctl_ev1_o6_0,control,,,healthy,1.0,0,1.0,healthy,1.0
B8R,metropt2022,ev1_o12,positive,1.0,12.0,monitor_deviation,1.0,0,1.0,monitor_deviation,1.0
B8R,metropt2022,ev1_o6,positive,1.0,6.0,healthy,1.0,0,1.0,healthy,1.0
B8R,metropt2022B,ctl_ev1_o48_0,control,,,healthy,1.0,0,1.0,healthy,1.0
B8R,metropt2022B,ctl_ev1_o48_1,control,,,monitor_deviation,1.0,0,1.0,monitor_deviation,1.0
B8R,metropt2022B,ev1_o72,positive,1.0,72.0,healthy,1.0,0,1.0,healthy,1.0
B8R,metropt2022B,ev1_o48,positive,1.0,48.0,healthy,1.0,0,1.0,healthy,1.0
B8R,metropt3,ev1_o48,positive,1.0,48.0,healthy,1.0,0,1.0,healthy,1.0
B8R,metropt3,ev2_o6,positive,2.0,6.0,healthy,1.0,0,1.0,healthy,1.0
B8R,metropt3,ev1_o72,positive,1.0,72.0,healthy,1.0,0,1.0,healthy,1.0
B8R,metropt3,ev2_o24,positive,2.0,24.0,healthy,1.0,0,1.0,healthy,1.0
B8R,metropt3,ev2_o12,positive,2.0,12.0,healthy,1.0,0,1.0,healthy,1.0
B8R,metropt3,ev2_o48,positive,2.0,48.0,oil_thermal_anomaly,1.0,0,1.0,oil_thermal_anomaly,1.0
B8R,metropt3,ev3_o6,positive,3.0,6.0,air_leak_indication,1.0,0,1.0,air_leak_indication,1.0
B8R,metropt3,ev3_o12,positive,3.0,12.0,air_leak_indication,1.0,0,1.0,air_leak_indication,1.0
B8R,metropt3,ev1_o24,positive,1.0,24.0,monitor_deviation,1.0,0,1.0,monitor_deviation,1.0
B8R,metropt3,ev3_o24,positive,3.0,24.0,air_leak_indication,1.0,0,1.0,air_leak_indication,1.0
B8R,metropt3,ev3_o72,positive,3.0,72.0,healthy,1.0,0,1.0,healthy,1.0
B8R,metropt3,ev2_o72,positive,2.0,72.0,monitor_deviation,1.0,0,1.0,monitor_deviation,1.0
B8R,metropt3,ev4_o48,positive,4.0,48.0,monitor_deviation,1.0,0,1.0,monitor_deviation,1.0
B8R,metropt3,ctl_ev1_o12_0,control,,,healthy,1.0,0,1.0,healthy,1.0
B8R,metropt3,ctl_ev1_o12_1,control,,,healthy,1.0,0,1.0,healthy,1.0
B8R,metropt3,ctl_ev1_o24_0,control,,,healthy,1.0,0,1.0,healthy,1.0
B8R,metropt3,ctl_ev1_o24_1,control,,,healthy,1.0,0,1.0,healthy,1.0
B8R,metropt3,ev3_o48,positive,3.0,48.0,monitor_deviation,1.0,0,1.0,monitor_deviation,1.0
B8R,metropt3,ctl_ev1_o48_0,control,,,healthy,1.0,0,1.0,healthy,1.0
B8R,metropt3,ctl_ev1_o72_1,control,,,monitor_deviation,1.0,0,1.0,monitor_deviation,1.0
B8R,metropt3,ctl_ev1_o48_1,control,,,healthy,1.0,0,1.0,healthy,1.0
B8R,metropt3,ctl_ev1_o72_0,control,,,healthy,1.0,0,1.0,healthy,1.0
B8R,metropt3,ctl_ev2_o6_0,control,,,healthy,1.0,0,1.0,healthy,1.0
B8R,metropt3,ctl_ev2_o6_1,control,,,monitor_deviation,1.0,0,1.0,monitor_deviation,1.0
B8R,metropt3,ctl_ev2_o24_0,control,,,healthy,1.0,0,1.0,healthy,1.0
B8R,metropt3,ctl_ev2_o12_1,control,,,healthy,1.0,0,1.0,healthy,1.0
B8R,metropt3,ctl_ev2_o24_1,control,,,healthy,1.0,0,1.0,healthy,1.0
B8R,metropt3,ctl_ev2_o72_0,control,,,healthy,1.0,0,1.0,healthy,1.0
B8R,metropt3,ctl_ev2_o12_0,control,,,monitor_deviation,1.0,0,1.0,monitor_deviation,1.0
B8R,metropt3,ctl_ev2_o48_0,control,,,monitor_deviation,0.0,1,1.0,monitor_deviation,1.0
B8R,metropt3,ctl_ev3_o6_0,control,,,healthy,1.0,0,1.0,healthy,1.0
B8R,metropt3,ctl_ev2_o72_1,control,,,monitor_deviation,1.0,0,1.0,monitor_deviation,1.0
B8R,metropt3,ctl_ev2_o48_1,control,,,oil_thermal_anomaly,1.0,0,0.0,oil_degradation_indication,1.0
B8R,metropt3,ctl_ev3_o6_1,control,,,healthy,1.0,0,1.0,healthy,1.0
B8R,metropt3,ctl_ev3_o12_0,control,,,healthy,1.0,0,1.0,healthy,1.0
B8R,metropt3,ctl_ev3_o24_0,control,,,healthy,1.0,0,1.0,healthy,1.0
B8R,metropt3,ctl_ev3_o48_0,control,,,healthy,1.0,0,1.0,healthy,1.0
B8R,metropt3,ctl_ev3_o24_1,control,,,healthy,1.0,0,1.0,healthy,1.0
B8R,metropt3,ctl_ev3_o72_0,control,,,healthy,1.0,0,1.0,healthy,1.0
B8R,metropt3,ctl_ev3_o48_1,control,,,healthy,1.0,0,1.0,healthy,1.0
B8R,metropt3,ctl_ev3_o72_1,control,,,healthy,1.0,0,1.0,healthy,1.0
B8R,metropt3,ctl_ev3_o12_1,control,,,monitor_deviation,1.0,0,1.0,monitor_deviation,1.0
B8R,metropt3,ctl_ev4_o48_0,control,,,healthy,1.0,0,1.0,healthy,1.0
B8R,metropt2022,ev1_o24,positive,1.0,24.0,healthy,1.0,0,1.0,healthy,1.0
B8R,metropt2022,ev1_o48,positive,1.0,48.0,healthy,1.0,0,1.0,healthy,1.0
B8R,metropt3,ctl_ev4_o48_1,control,,,monitor_deviation,1.0,0,1.0,monitor_deviation,1.0
B8R,metropt2022,ev2_o12,positive,2.0,12.0,monitor_deviation,1.0,0,1.0,monitor_deviation,1.0
B8R,metropt2022,ev1_o72,positive,1.0,72.0,monitor_deviation,1.0,0,1.0,monitor_deviation,1.0
B8R,metropt2022,ev2_o24,positive,2.0,24.0,healthy,1.0,0,1.0,healthy,1.0
B8R,metropt2022,ev2_o6,positive,2.0,6.0,monitor_deviation,1.0,0,1.0,monitor_deviation,1.0
B8R,metropt2022,ev2_o48,positive,2.0,48.0,healthy,1.0,0,1.0,healthy,1.0
B8R,metropt2022,ev2_o72,positive,2.0,72.0,monitor_deviation,1.0,0,1.0,monitor_deviation,1.0
B8R,metropt2022,ev3_o6,positive,3.0,6.0,healthy,1.0,0,1.0,healthy,1.0
B8R,metropt2022,ev3_o12,positive,3.0,12.0,healthy,1.0,0,1.0,healthy,1.0
B8R,metropt2022,ev3_o24,positive,3.0,24.0,healthy,1.0,0,1.0,healthy,1.0
B8R,metropt2022,ev3_o48,positive,3.0,48.0,healthy,1.0,0,1.0,healthy,1.0
B8R,metropt2022,ev3_o72,positive,3.0,72.0,monitor_deviation,1.0,0,1.0,monitor_deviation,1.0
B8R,metropt2022,ctl_ev1_o12_0,control,,,healthy,1.0,0,1.0,healthy,1.0
B8R,metropt2022,ctl_ev1_o12_1,control,,,healthy,1.0,0,1.0,healthy,1.0
B8R,metropt2022,ctl_ev1_o24_0,control,,,healthy,1.0,0,1.0,healthy,1.0
B8R,metropt2022,ctl_ev1_o24_1,control,,,healthy,1.0,0,1.0,healthy,1.0
B8R,metropt2022,ctl_ev1_o48_1,control,,,healthy,1.0,0,1.0,healthy,1.0
B8R,metropt2022,ctl_ev1_o48_0,control,,,healthy,1.0,0,1.0,healthy,1.0
B8R,metropt2022,ctl_ev1_o72_0,control,,,healthy,1.0,0,1.0,healthy,1.0
B8R,metropt2022,ctl_ev1_o72_1,control,,,healthy,1.0,0,1.0,healthy,1.0
B8R,metropt2022,ctl_ev2_o6_0,control,,,healthy,1.0,0,1.0,healthy,1.0
B8R,metropt2022,ctl_ev2_o12_0,control,,,healthy,1.0,0,1.0,healthy,1.0
B8R,metropt2022,ctl_ev2_o12_1,control,,,healthy,1.0,0,1.0,healthy,1.0
B8R,metropt2022,ctl_ev2_o24_0,control,,,healthy,1.0,0,1.0,healthy,1.0
B8R,metropt2022,ctl_ev2_o24_1,control,,,healthy,1.0,0,1.0,healthy,1.0
B8R,metropt2022,ctl_ev2_o48_0,control,,,healthy,1.0,0,1.0,healthy,1.0
B8R,metropt2022,ctl_ev2_o48_1,control,,,healthy,1.0,0,1.0,healthy,1.0
B8R,metropt2022,ctl_ev2_o72_1,control,,,healthy,1.0,0,1.0,healthy,1.0
B8R,metropt2022,ctl_ev2_o6_1,control,,,monitor_deviation,1.0,0,0.0,healthy,1.0
B8R,metropt2022,ctl_ev3_o48_0,control,,,healthy,1.0,0,1.0,healthy,1.0
B8R,metropt2022,ctl_ev3_o48_1,control,,,healthy,1.0,0,1.0,healthy,1.0
B8R,metropt2022,ctl_ev3_o72_0,control,,,healthy,1.0,0,1.0,healthy,1.0
B8R,metropt2022,ctl_ev3_o72_1,control,,,healthy,1.0,0,1.0,healthy,1.0
B8R,metropt2022B,ev2_o24,positive,2.0,24.0,oil_degradation_indication,1.0,0,1.0,oil_degradation_indication,1.0
B8R,metropt2022B,ev2_o12,positive,2.0,12.0,oil_degradation_indication,1.0,0,1.0,oil_degradation_indication,1.0
B8R,metropt2022,ctl_ev2_o72_0,control,,,monitor_deviation,1.0,0,1.0,monitor_deviation,1.0
B8R,metropt2022B,ev2_o48,positive,2.0,48.0,monitor_deviation,1.0,0,1.0,monitor_deviation,1.0
B8R,metropt2022B,ev2_o72,positive,2.0,72.0,monitor_deviation,1.0,0,1.0,monitor_deviation,1.0
B8R,metropt2022B,ctl_ev1_o72_1,control,,,monitor_deviation,1.0,0,1.0,monitor_deviation,1.0
B8R,metropt2022B,ctl_ev2_o12_0,control,,,healthy,1.0,0,1.0,healthy,1.0
B8R,metropt2022B,ctl_ev1_o72_0,control,,,monitor_deviation,1.0,0,1.0,monitor_deviation,1.0
B8R,metropt2022B,ctl_ev2_o24_1,control,,,healthy,1.0,0,1.0,healthy,1.0
B8R,metropt2022B,ctl_ev2_o48_0,control,,,healthy,1.0,0,1.0,healthy,1.0
B8R,metropt2022B,ctl_ev2_o48_1,control,,,healthy,1.0,0,1.0,healthy,1.0
B8R,metropt2022B,ctl_ev2_o72_0,control,,,healthy,1.0,0,1.0,healthy,1.0
B8R,metropt2022B,ctl_ev2_o12_1,control,,,monitor_deviation,1.0,0,0.0,healthy,1.0
B8R,metropt2022B,ctl_ev2_o72_1,control,,,healthy,1.0,0,1.0,healthy,1.0
B8R,metropt2022B,ctl_ev2_o24_0,control,,,monitor_deviation,1.0,0,0.0,healthy,1.0
B8S7,metropt3,ev1_o24,positive,1.0,24.0,monitor_deviation,1.0,0,1.0,monitor_deviation,1.0
B8S7,metropt3,ev1_o48,positive,1.0,48.0,healthy,1.0,0,1.0,healthy,1.0
B8S7,metropt3,ev1_o12,positive,1.0,12.0,air_leak_indication,1.0,0,1.0,air_leak_indication,1.0
B8S7,metropt3,ev1_o6,positive,1.0,6.0,air_leak_indication,1.0,0,1.0,air_leak_indication,1.0
B8S7,metropt3,ev2_o12,positive,2.0,12.0,healthy,1.0,0,1.0,healthy,1.0
B8S7,metropt3,ev2_o24,positive,2.0,24.0,healthy,1.0,0,1.0,healthy,1.0
B8S7,metropt3,ev1_o72,positive,1.0,72.0,healthy,1.0,0,1.0,healthy,1.0
B8S7,metropt3,ev2_o6,positive,2.0,6.0,healthy,1.0,0,1.0,healthy,1.0
B8S7,metropt3,ev2_o72,positive,2.0,72.0,monitor_deviation,1.0,0,1.0,monitor_deviation,1.0
B8S7,metropt3,ev3_o6,positive,3.0,6.0,air_leak_indication,1.0,0,1.0,air_leak_indication,1.0
B8S7,metropt3,ev3_o12,positive,3.0,12.0,air_leak_indication,1.0,0,1.0,air_leak_indication,1.0
B8S7,metropt3,ev2_o48,positive,2.0,48.0,oil_thermal_anomaly,1.0,0,0.0,oil_degradation_indication,1.0
B8S7,metropt3,ev3_o48,positive,3.0,48.0,monitor_deviation,1.0,0,1.0,monitor_deviation,1.0
B8S7,metropt3,ev4_o48,positive,4.0,48.0,monitor_deviation,1.0,0,1.0,monitor_deviation,1.0
B8S7,metropt3,ev3_o24,positive,3.0,24.0,air_leak_indication,1.0,0,1.0,air_leak_indication,1.0
B8S7,metropt3,ev3_o72,positive,3.0,72.0,healthy,1.0,0,1.0,healthy,1.0
B8S7,metropt3,ctl_ev1_o6_0,control,,,healthy,1.0,0,1.0,healthy,1.0
B8S7,metropt3,ctl_ev1_o12_0,control,,,healthy,1.0,0,1.0,healthy,1.0
B8S7,metropt3,ctl_ev1_o6_1,control,,,healthy,1.0,0,1.0,healthy,1.0
B8S7,metropt3,ctl_ev1_o24_0,control,,,healthy,1.0,0,1.0,healthy,1.0
B8S7,metropt3,ctl_ev1_o48_0,control,,,healthy,1.0,0,1.0,healthy,1.0
B8S7,metropt3,ctl_ev1_o12_1,control,,,healthy,1.0,0,1.0,healthy,1.0
B8S7,metropt3,ctl_ev1_o24_1,control,,,healthy,1.0,0,1.0,healthy,1.0
B8S7,metropt3,ctl_ev1_o48_1,control,,,healthy,1.0,0,1.0,healthy,1.0
B8S7,metropt3,ctl_ev1_o72_0,control,,,healthy,1.0,0,1.0,healthy,1.0
B8S7,metropt3,ctl_ev2_o6_0,control,,,healthy,1.0,0,1.0,healthy,1.0
B8S7,metropt3,ctl_ev1_o72_1,control,,,monitor_deviation,1.0,0,1.0,monitor_deviation,1.0
B8S7,metropt3,ctl_ev2_o6_1,control,,,monitor_deviation,1.0,0,1.0,monitor_deviation,1.0
B8S7,metropt3,ctl_ev2_o12_0,control,,,monitor_deviation,1.0,0,1.0,monitor_deviation,1.0
B8S7,metropt3,ctl_ev2_o12_1,control,,,healthy,1.0,0,1.0,healthy,1.0
B8S7,metropt3,ctl_ev2_o24_0,control,,,healthy,1.0,0,1.0,healthy,1.0
B8S7,metropt3,ctl_ev2_o24_1,control,,,healthy,1.0,0,1.0,healthy,1.0
B8S7,metropt3,ctl_ev2_o48_0,control,,,monitor_deviation,1.0,0,1.0,monitor_deviation,1.0
B8S7,metropt3,ctl_ev2_o72_0,control,,,healthy,1.0,0,1.0,healthy,1.0
B8S7,metropt3,ctl_ev2_o48_1,control,,,oil_thermal_anomaly,1.0,0,0.0,oil_degradation_indication,1.0
B8S7,metropt3,ctl_ev2_o72_1,control,,,monitor_deviation,1.0,0,1.0,monitor_deviation,1.0
B8S7,metropt3,ctl_ev3_o6_0,control,,,healthy,1.0,0,1.0,healthy,1.0
B8S7,metropt3,ctl_ev3_o6_1,control,,,healthy,1.0,0,1.0,healthy,1.0
B8S7,metropt3,ctl_ev3_o12_1,control,,,monitor_deviation,1.0,0,1.0,monitor_deviation,1.0
B8S7,metropt3,ctl_ev3_o12_0,control,,,healthy,1.0,0,1.0,healthy,1.0
B8S7,metropt3,ctl_ev3_o24_0,control,,,healthy,1.0,0,1.0,healthy,1.0
B8S7,metropt3,ctl_ev3_o24_1,control,,,healthy,1.0,0,1.0,healthy,1.0
B8S7,metropt3,ctl_ev3_o48_0,control,,,healthy,1.0,0,1.0,healthy,1.0
B8S7,metropt3,ctl_ev3_o72_1,control,,,healthy,1.0,0,1.0,healthy,1.0
B8S7,metropt3,ctl_ev3_o72_0,control,,,healthy,1.0,0,1.0,healthy,1.0
B8S7,metropt3,ctl_ev3_o48_1,control,,,healthy,1.0,0,1.0,healthy,1.0
B8S7,metropt3,ctl_ev4_o48_0,control,,,healthy,1.0,0,1.0,healthy,1.0
B8S7,metropt2022,ev1_o6,positive,1.0,6.0,healthy,1.0,0,1.0,healthy,1.0
B8S7,metropt3,ctl_ev4_o48_1,control,,,monitor_deviation,1.0,0,1.0,monitor_deviation,1.0
B8S7,metropt2022,ev1_o12,positive,1.0,12.0,monitor_deviation,1.0,0,1.0,monitor_deviation,1.0
B8S7,metropt2022,ev1_o72,positive,1.0,72.0,monitor_deviation,1.0,0,1.0,monitor_deviation,1.0
B8S7,metropt2022,ev1_o24,positive,1.0,24.0,healthy,1.0,0,1.0,healthy,1.0
B8S7,metropt2022,ev1_o48,positive,1.0,48.0,healthy,1.0,0,1.0,healthy,1.0
B8S7,metropt2022,ev2_o6,positive,2.0,6.0,monitor_deviation,1.0,0,1.0,monitor_deviation,1.0
B8S7,metropt2022,ev2_o24,positive,2.0,24.0,healthy,1.0,0,1.0,healthy,1.0
B8S7,metropt2022,ev2_o48,positive,2.0,48.0,healthy,1.0,0,1.0,healthy,1.0
B8S7,metropt2022,ev2_o12,positive,2.0,12.0,monitor_deviation,1.0,0,1.0,monitor_deviation,1.0
B8S7,metropt2022,ev2_o72,positive,2.0,72.0,monitor_deviation,1.0,0,1.0,monitor_deviation,1.0
B8S7,metropt2022,ev3_o12,positive,3.0,12.0,healthy,1.0,0,1.0,healthy,1.0
B8S7,metropt2022,ev3_o6,positive,3.0,6.0,healthy,1.0,0,1.0,healthy,1.0
B8S7,metropt2022,ev3_o48,positive,3.0,48.0,healthy,1.0,0,1.0,healthy,1.0
B8S7,metropt2022,ev3_o24,positive,3.0,24.0,healthy,1.0,0,1.0,healthy,1.0
B8S7,metropt2022,ctl_ev1_o6_0,control,,,healthy,1.0,0,1.0,healthy,1.0
B8S7,metropt2022,ev3_o72,positive,3.0,72.0,monitor_deviation,1.0,0,1.0,monitor_deviation,1.0
B8S7,metropt2022,ctl_ev1_o6_1,control,,,healthy,1.0,0,1.0,healthy,1.0
B8S7,metropt2022,ctl_ev1_o12_0,control,,,healthy,1.0,0,1.0,healthy,1.0
B8S7,metropt2022,ctl_ev1_o24_0,control,,,healthy,1.0,0,1.0,healthy,1.0
B8S7,metropt2022,ctl_ev1_o12_1,control,,,healthy,1.0,0,1.0,healthy,1.0
B8S7,metropt2022,ctl_ev1_o24_1,control,,,healthy,1.0,0,1.0,healthy,1.0
B8S7,metropt2022,ctl_ev1_o48_0,control,,,healthy,1.0,0,1.0,healthy,1.0
B8S7,metropt2022,ctl_ev1_o48_1,control,,,healthy,1.0,0,1.0,healthy,1.0
B8S7,metropt2022,ctl_ev1_o72_1,control,,,healthy,1.0,0,1.0,healthy,1.0
B8S7,metropt2022,ctl_ev1_o72_0,control,,,healthy,1.0,0,1.0,healthy,1.0
B8S7,metropt2022,ctl_ev2_o6_0,control,,,healthy,1.0,0,1.0,healthy,1.0
B8S7,metropt2022,ctl_ev2_o6_1,control,,,monitor_deviation,1.0,0,1.0,monitor_deviation,1.0
B8S7,metropt2022,ctl_ev2_o12_1,control,,,healthy,1.0,0,1.0,healthy,1.0
B8S7,metropt2022,ctl_ev2_o12_0,control,,,healthy,1.0,0,1.0,healthy,1.0
B8S7,metropt2022,ctl_ev2_o24_0,control,,,healthy,1.0,0,1.0,healthy,1.0
B8S7,metropt2022,ctl_ev2_o24_1,control,,,healthy,1.0,0,1.0,healthy,1.0
B8S7,metropt2022,ctl_ev2_o48_0,control,,,healthy,1.0,0,1.0,healthy,1.0
B8S7,metropt2022,ctl_ev2_o48_1,control,,,healthy,1.0,0,1.0,healthy,1.0
B8S7,metropt2022,ctl_ev2_o72_1,control,,,healthy,1.0,0,1.0,healthy,1.0
B8S7,metropt2022,ctl_ev2_o72_0,control,,,monitor_deviation,1.0,0,1.0,monitor_deviation,1.0
B8S7,metropt2022,ctl_ev3_o48_0,control,,,healthy,1.0,0,1.0,healthy,1.0
B8S7,metropt2022,ctl_ev3_o48_1,control,,,healthy,1.0,0,1.0,healthy,1.0
B8S7,metropt2022,ctl_ev3_o72_0,control,,,healthy,1.0,0,1.0,healthy,1.0
B8S7,metropt2022B,ev1_o48,positive,1.0,48.0,healthy,1.0,0,1.0,healthy,1.0
B8S7,metropt2022,ctl_ev3_o72_1,control,,,healthy,1.0,0,1.0,healthy,1.0
B8S7,metropt2022B,ev1_o72,positive,1.0,72.0,healthy,1.0,0,1.0,healthy,1.0
B8S7,metropt2022B,ev2_o12,positive,2.0,12.0,oil_degradation_indication,1.0,0,1.0,oil_degradation_indication,1.0
B8S7,metropt2022B,ev2_o24,positive,2.0,24.0,oil_degradation_indication,1.0,0,1.0,oil_degradation_indication,1.0
B8S7,metropt2022B,ev2_o48,positive,2.0,48.0,monitor_deviation,1.0,0,1.0,monitor_deviation,1.0
B8S7,metropt2022B,ctl_ev1_o48_0,control,,,healthy,1.0,0,1.0,healthy,1.0
B8S7,metropt2022B,ev2_o72,positive,2.0,72.0,monitor_deviation,0.0,1,1.0,monitor_deviation,1.0
B8S7,metropt2022B,ctl_ev1_o48_1,control,,,monitor_deviation,1.0,0,1.0,monitor_deviation,1.0
B8S7,metropt2022B,ctl_ev2_o12_0,control,,,healthy,1.0,0,1.0,healthy,1.0
B8S7,metropt2022B,ctl_ev1_o72_1,control,,,monitor_deviation,1.0,0,1.0,monitor_deviation,1.0
B8S7,metropt2022B,ctl_ev1_o72_0,control,,,monitor_deviation,1.0,0,1.0,monitor_deviation,1.0
B8S7,metropt2022B,ctl_ev2_o12_1,control,,,monitor_deviation,1.0,0,1.0,monitor_deviation,1.0
B8S7,metropt2022B,ctl_ev2_o24_1,control,,,healthy,1.0,0,1.0,healthy,1.0
B8S7,metropt2022B,ctl_ev2_o48_0,control,,,healthy,1.0,0,1.0,healthy,1.0
B8S7,metropt2022B,ctl_ev2_o24_0,control,,,monitor_deviation,1.0,0,1.0,monitor_deviation,1.0
B8S7,metropt2022B,ctl_ev2_o48_1,control,,,healthy,1.0,0,1.0,healthy,1.0
B8S7,metropt2022B,ctl_ev2_o72_0,control,,,healthy,1.0,0,1.0,healthy,1.0
B8S7,metropt2022B,ctl_ev2_o72_1,control,,,healthy,1.0,0,1.0,healthy,1.0
B3RS7,metropt3,ev1_o6,positive,1.0,6.0,air_leak_indication,1.0,0,1.0,air_leak_indication,1.0
B3RS7,metropt3,ev1_o48,positive,1.0,48.0,healthy,1.0,0,0.0,air_leak_indication,0.0
B3RS7,metropt3,ev1_o24,positive,1.0,24.0,monitor_deviation,1.0,0,0.0,air_leak_indication,1.0
B3RS7,metropt3,ev1_o12,positive,1.0,12.0,air_leak_indication,1.0,0,1.0,unknown,1.0
B3RS7,metropt3,ev1_o72,positive,1.0,72.0,healthy,1.0,0,0.0,air_leak_indication,0.0
B3RS7,metropt3,ev2_o6,positive,2.0,6.0,healthy,1.0,0,0.0,air_leak_indication,0.0
B3RS7,metropt3,ev2_o24,positive,2.0,24.0,healthy,1.0,0,1.0,unknown,1.0
B3RS7,metropt3,ev2_o12,positive,2.0,12.0,healthy,1.0,0,1.0,healthy,1.0
B3RS7,metropt3,ev2_o48,positive,2.0,48.0,oil_thermal_anomaly,1.0,0,1.0,unknown,1.0
B3RS7,metropt3,ev3_o6,positive,3.0,6.0,air_leak_indication,1.0,0,1.0,unknown,1.0
B3RS7,metropt3,ev2_o72,positive,2.0,72.0,monitor_deviation,1.0,0,0.0,air_leak_indication,1.0
B3RS7,metropt3,ev3_o12,positive,3.0,12.0,air_leak_indication,1.0,0,1.0,unknown,1.0
B3RS7,metropt3,ev3_o24,positive,3.0,24.0,air_leak_indication,1.0,0,1.0,unknown,1.0
B3RS7,metropt3,ev3_o72,positive,3.0,72.0,healthy,1.0,0,1.0,unknown,1.0
B3RS7,metropt3,ev3_o48,positive,3.0,48.0,monitor_deviation,1.0,0,1.0,unknown,1.0
B3RS7,metropt3,ctl_ev1_o6_0,control,,,healthy,1.0,0,1.0,healthy,0.0
B3RS7,metropt3,ev4_o48,positive,4.0,48.0,monitor_deviation,1.0,0,0.0,air_leak_indication,1.0
B3RS7,metropt3,ctl_ev1_o6_1,control,,,healthy,1.0,0,0.0,air_leak_indication,0.0
B3RS7,metropt3,ctl_ev1_o12_1,control,,,healthy,1.0,0,0.0,air_leak_indication,0.0
B3RS7,metropt3,ctl_ev1_o12_0,control,,,healthy,1.0,0,1.0,unknown,0.0
B3RS7,metropt3,ctl_ev1_o24_0,control,,,healthy,1.0,0,1.0,unknown,1.0
B3RS7,metropt3,ctl_ev1_o24_1,control,,,healthy,1.0,0,0.0,air_leak_indication,0.0
B3RS7,metropt3,ctl_ev1_o48_1,control,,,healthy,1.0,0,1.0,unknown,1.0
B3RS7,metropt3,ctl_ev1_o48_0,control,,,healthy,1.0,0,1.0,healthy,1.0
B3RS7,metropt3,ctl_ev1_o72_0,control,,,healthy,1.0,0,0.0,air_leak_indication,0.0
B3RS7,metropt3,ctl_ev1_o72_1,control,,,monitor_deviation,1.0,0,0.0,air_leak_indication,1.0
B3RS7,metropt3,ctl_ev2_o6_1,control,,,monitor_deviation,1.0,0,0.0,air_leak_indication,1.0
B3RS7,metropt3,ctl_ev2_o6_0,control,,,healthy,1.0,0,0.0,air_leak_indication,0.0
B3RS7,metropt3,ctl_ev2_o12_0,control,,,monitor_deviation,1.0,0,0.0,healthy,1.0
B3RS7,metropt3,ctl_ev2_o24_0,control,,,healthy,1.0,0,1.0,unknown,1.0
B3RS7,metropt3,ctl_ev2_o12_1,control,,,healthy,0.0,1,0.0,air_leak_indication,0.0
B3RS7,metropt3,ctl_ev2_o24_1,control,,,healthy,1.0,0,1.0,unknown,0.0
B3RS7,metropt3,ctl_ev2_o48_0,control,,,monitor_deviation,1.0,0,1.0,unknown,1.0
B3RS7,metropt3,ctl_ev2_o48_1,control,,,oil_thermal_anomaly,1.0,0,0.0,air_leak_indication,1.0
B3RS7,metropt3,ctl_ev2_o72_0,control,,,healthy,1.0,0,0.0,air_leak_indication,0.0
B3RS7,metropt3,ctl_ev2_o72_1,control,,,monitor_deviation,1.0,0,0.0,air_leak_indication,1.0
B3RS7,metropt3,ctl_ev3_o6_0,control,,,healthy,1.0,0,0.0,air_leak_indication,0.0
B3RS7,metropt3,ctl_ev3_o6_1,control,,,healthy,1.0,0,0.0,monitor_deviation,1.0
B3RS7,metropt3,ctl_ev3_o12_1,control,,,monitor_deviation,1.0,0,0.0,air_leak_indication,1.0
B3RS7,metropt3,ctl_ev3_o12_0,control,,,healthy,1.0,0,1.0,unknown,1.0
B3RS7,metropt3,ctl_ev3_o24_0,control,,,healthy,1.0,0,1.0,unknown,1.0
B3RS7,metropt3,ctl_ev3_o24_1,control,,,healthy,1.0,0,1.0,unknown,0.0
B3RS7,metropt3,ctl_ev3_o48_0,control,,,healthy,1.0,0,0.0,air_leak_indication,0.0
B3RS7,metropt3,ctl_ev3_o48_1,control,,,healthy,1.0,0,1.0,healthy,1.0
B3RS7,metropt3,ctl_ev3_o72_0,control,,,healthy,1.0,0,1.0,unknown,1.0
B3RS7,metropt3,ctl_ev3_o72_1,control,,,healthy,1.0,0,1.0,unknown,1.0
B3RS7,metropt3,ctl_ev4_o48_0,control,,,healthy,1.0,0,0.0,air_leak_indication,0.0
B3RS7,metropt3,ctl_ev4_o48_1,control,,,monitor_deviation,1.0,0,1.0,unknown,1.0
B3RS7,metropt2022,ev1_o6,positive,1.0,6.0,healthy,1.0,0,0.0,air_leak_indication,0.0
B3RS7,metropt2022,ev1_o12,positive,1.0,12.0,monitor_deviation,1.0,0,1.0,unknown,1.0
B3RS7,metropt2022,ev1_o24,positive,1.0,24.0,healthy,1.0,0,0.0,air_leak_indication,0.0
B3RS7,metropt2022,ev1_o72,positive,1.0,72.0,monitor_deviation,1.0,0,0.0,air_leak_indication,1.0
B3RS7,metropt2022,ev1_o48,positive,1.0,48.0,healthy,1.0,0,0.0,air_leak_indication,0.0
B3RS7,metropt2022,ev2_o6,positive,2.0,6.0,monitor_deviation,1.0,0,1.0,unknown,1.0
B3RS7,metropt2022,ev2_o12,positive,2.0,12.0,monitor_deviation,1.0,0,1.0,unknown,1.0
B3RS7,metropt2022,ev2_o72,positive,2.0,72.0,monitor_deviation,1.0,0,0.0,air_leak_indication,1.0
B3RS7,metropt2022,ev2_o24,positive,2.0,24.0,healthy,1.0,0,0.0,air_leak_indication,0.0
B3RS7,metropt2022,ev2_o48,positive,2.0,48.0,healthy,1.0,0,1.0,unknown,0.0
B3RS7,metropt2022,ev3_o6,positive,3.0,6.0,healthy,1.0,0,0.0,air_leak_indication,0.0
B3RS7,metropt2022,ev3_o12,positive,3.0,12.0,healthy,1.0,0,1.0,unknown,1.0
B3RS7,metropt2022,ev3_o24,positive,3.0,24.0,healthy,1.0,0,1.0,unknown,1.0
B3RS7,metropt2022,ev3_o72,positive,3.0,72.0,monitor_deviation,1.0,0,1.0,unknown,1.0
B3RS7,metropt2022,ev3_o48,positive,3.0,48.0,healthy,1.0,0,0.0,air_leak_indication,0.0
B3RS7,metropt2022,ctl_ev1_o6_0,control,,,healthy,1.0,0,0.0,air_leak_indication,0.0
B3RS7,metropt2022,ctl_ev1_o12_0,control,,,healthy,1.0,0,1.0,unknown,1.0
B3RS7,metropt2022,ctl_ev1_o6_1,control,,,healthy,1.0,0,1.0,unknown,0.0
B3RS7,metropt2022,ctl_ev1_o12_1,control,,,healthy,1.0,0,0.0,air_leak_indication,0.0
B3RS7,metropt2022,ctl_ev1_o24_1,control,,,healthy,1.0,0,1.0,unknown,1.0
B3RS7,metropt2022,ctl_ev1_o24_0,control,,,healthy,1.0,0,1.0,unknown,1.0
B3RS7,metropt2022,ctl_ev1_o48_0,control,,,healthy,1.0,0,0.0,air_leak_indication,0.0
B3RS7,metropt2022,ctl_ev1_o48_1,control,,,healthy,1.0,0,1.0,healthy,0.0
B3RS7,metropt2022,ctl_ev1_o72_0,control,,,healthy,1.0,0,1.0,unknown,1.0
B3RS7,metropt2022,ctl_ev1_o72_1,control,,,healthy,1.0,0,1.0,unknown,1.0
B3RS7,metropt2022,ctl_ev2_o6_0,control,,,healthy,1.0,0,1.0,unknown,1.0
B3RS7,metropt2022,ctl_ev2_o6_1,control,,,monitor_deviation,1.0,0,1.0,unknown,1.0
B3RS7,metropt2022,ctl_ev2_o12_0,control,,,healthy,1.0,0,1.0,unknown,1.0
B3RS7,metropt2022,ctl_ev2_o12_1,control,,,healthy,1.0,0,1.0,unknown,1.0
B3RS7,metropt2022,ctl_ev2_o24_1,control,,,healthy,1.0,0,1.0,unknown,0.0
B3RS7,metropt2022,ctl_ev2_o24_0,control,,,healthy,1.0,0,0.0,air_leak_indication,0.0
B3RS7,metropt2022,ctl_ev2_o48_0,control,,,healthy,1.0,0,0.0,air_leak_indication,0.0
B3RS7,metropt2022,ctl_ev2_o48_1,control,,,healthy,1.0,0,1.0,unknown,1.0
B3RS7,metropt2022,ctl_ev2_o72_0,control,,,monitor_deviation,1.0,0,0.0,air_leak_indication,1.0
B3RS7,metropt2022,ctl_ev2_o72_1,control,,,healthy,1.0,0,1.0,unknown,0.0
B3RS7,metropt2022,ctl_ev3_o48_0,control,,,healthy,1.0,0,1.0,unknown,0.0
B3RS7,metropt2022,ctl_ev3_o72_0,control,,,healthy,1.0,0,1.0,unknown,1.0
B3RS7,metropt2022,ctl_ev3_o48_1,control,,,healthy,1.0,0,1.0,unknown,1.0
B3RS7,metropt2022B,ev1_o48,positive,1.0,48.0,healthy,1.0,0,1.0,unknown,1.0
B3RS7,metropt2022,ctl_ev3_o72_1,control,,,healthy,1.0,0,0.0,air_leak_indication,0.0
B3RS7,metropt2022B,ev1_o72,positive,1.0,72.0,healthy,1.0,0,1.0,unknown,1.0
B3RS7,metropt2022B,ev2_o24,positive,2.0,24.0,oil_degradation_indication,1.0,0,1.0,unknown,1.0
B3RS7,metropt2022B,ev2_o12,positive,2.0,12.0,oil_degradation_indication,1.0,0,1.0,unknown,1.0
B3RS7,metropt2022B,ev2_o48,positive,2.0,48.0,monitor_deviation,1.0,0,1.0,unknown,1.0
B3RS7,metropt2022B,ev2_o72,positive,2.0,72.0,monitor_deviation,1.0,0,1.0,unknown,1.0
B3RS7,metropt2022B,ctl_ev1_o48_0,control,,,healthy,1.0,0,1.0,unknown,1.0
B3RS7,metropt2022B,ctl_ev1_o72_0,control,,,monitor_deviation,1.0,0,1.0,unknown,1.0
B3RS7,metropt2022B,ctl_ev1_o48_1,control,,,monitor_deviation,1.0,0,1.0,unknown,1.0
B3RS7,metropt2022B,ctl_ev2_o12_1,control,,,monitor_deviation,1.0,0,1.0,unknown,1.0
B3RS7,metropt2022B,ctl_ev1_o72_1,control,,,monitor_deviation,1.0,0,0.0,air_leak_indication,1.0
B3RS7,metropt2022B,ctl_ev2_o24_0,control,,,monitor_deviation,1.0,0,0.0,air_leak_indication,1.0
B3RS7,metropt2022B,ctl_ev2_o12_0,control,,,healthy,1.0,0,1.0,unknown,0.0
B3RS7,metropt2022B,ctl_ev2_o24_1,control,,,healthy,1.0,0,1.0,unknown,0.0
B3RS7,metropt2022B,ctl_ev2_o48_0,control,,,healthy,1.0,0,0.0,air_leak_indication,0.0
B3RS7,metropt2022B,ctl_ev2_o48_1,control,,,healthy,1.0,0,1.0,unknown,1.0
B3RS7,metropt2022B,ctl_ev2_o72_0,control,,,healthy,1.0,0,1.0,unknown,1.0
B3RS7,metropt2022B,ctl_ev2_o72_1,control,,,healthy,1.0,0,1.0,unknown,0.0
