vehicle,n_cal,n_excluded,threshold,alpha_hat
metropt3,112,2,2.0,0.6637
metropt3,112,2,3.0,0.1681
metropt3,112,2,4.0,0.0265
metropt3,112,2,5.0,0.0088
metropt3,112,2,6.0,0.0088
metropt3,112,2,8.0,0.0088
metropt3,112,2,12.0,0.0088
metropt3,112,2,inf,0.0088
metropt2022,100,1,2.0,0.901
metropt2022,100,1,3.0,0.1188
metropt2022,100,1,4.0,0.0198
metropt2022,100,1,5.0,0.0099
metropt2022,100,1,6.0,0.0099
metropt2022,100,1,8.0,0.0099
metropt2022,100,1,12.0,0.0099
metropt2022,100,1,inf,0.0099
metropt2022B,53,0,2.0,0.6852
metropt2022B,53,0,3.0,0.1852
metropt2022B,53,0,4.0,0.0185
metropt2022B,53,0,5.0,0.0185
metropt2022B,53,0,6.0,0.0185
metropt2022B,53,0,8.0,0.0185
metropt2022B,53,0,12.0,0.0185
metropt2022B,53,0,inf,0.0185
